name,node_id,zone_id,control_type,control_type_name,cycle_length_in_second,x,y,geometry
,10000,0,0,unknown_control,0,-0.001119,0.000334,"<Point><coordinates>-0.001119,0.000334</coordinates></Point>"
,10001,0,0,unknown_control,0,-0.001119,0.000334,"<Point><coordinates>-0.001119,0.000334</coordinates></Point>"
,10002,0,0,unknown_control,0,-0.001119,0.000334,"<Point><coordinates>-0.001119,0.000334</coordinates></Point>"
,10003,0,0,unknown_control,0,-0.001119,0.000334,"<Point><coordinates>-0.001119,0.000334</coordinates></Point>"
,10004,0,0,unknown_control,0,-0.001119,0.000334,"<Point><coordinates>-0.001119,0.000334</coordinates></Point>"
,10005,0,0,unknown_control,0,-0.001119,0.000334,"<Point><coordinates>-0.001119,0.000334</coordinates></Point>"
,10006,0,0,unknown_control,0,-0.001119,0.000334,"<Point><coordinates>-0.001119,0.000334</coordinates></Point>"
,10007,0,0,unknown_control,0,-0.001119,0.000334,"<Point><coordinates>-0.001119,0.000334</coordinates></Point>"
,10008,0,0,unknown_control,0,-0.001119,0.000334,"<Point><coordinates>-0.001119,0.000334</coordinates></Point>"
,10009,0,0,unknown_control,0,-0.001119,0.000334,"<Point><coordinates>-0.001119,0.000334</coordinates></Point>"
,10010,0,0,unknown_control,0,-0.001119,0.000334,"<Point><coordinates>-0.001119,0.000334</coordinates></Point>"
,10011,0,0,unknown_control,0,-0.001119,0.000334,"<Point><coordinates>-0.001119,0.000334</coordinates></Point>"
,10012,0,0,unknown_control,0,-0.001119,0.000334,"<Point><coordinates>-0.001119,0.000334</coordinates></Point>"
,10013,0,0,unknown_control,0,-0.001119,0.000334,"<Point><coordinates>-0.001119,0.000334</coordinates></Point>"
,10014,0,0,unknown_control,0,-0.001119,0.000334,"<Point><coordinates>-0.001119,0.000334</coordinates></Point>"
,10015,0,0,unknown_control,0,-0.001119,0.000334,"<Point><coordinates>-0.001119,0.000334</coordinates></Point>"
,10016,0,0,unknown_control,0,-0.001119,0.000334,"<Point><coordinates>-0.001119,0.000334</coordinates></Point>"
,10017,0,0,unknown_control,0,-0.001119,0.000334,"<Point><coordinates>-0.001119,0.000334</coordinates></Point>"
,10018,0,0,unknown_control,0,-0.001119,0.000334,"<Point><coordinates>-0.001119,0.000334</coordinates></Point>"
,10019,0,0,unknown_control,0,-0.001119,0.000334,"<Point><coordinates>-0.001119,0.000334</coordinates></Point>"
,10020,0,0,unknown_control,0,-0.001119,0.000334,"<Point><coordinates>-0.001119,0.000334</coordinates></Point>"
,10021,0,0,unknown_control,0,-0.001119,0.000334,"<Point><coordinates>-0.001119,0.000334</coordinates></Point>"
,10022,0,0,unknown_control,0,-0.001119,0.000334,"<Point><coordinates>-0.001119,0.000334</coordinates></Point>"
,10023,0,0,unknown_control,0,-0.001119,0.000334,"<Point><coordinates>-0.001119,0.000334</coordinates></Point>"
,10024,0,0,unknown_control,0,-0.001119,0.000334,"<Point><coordinates>-0.001119,0.000334</coordinates></Point>"
,10025,0,0,unknown_control,0,-0.001119,0.000334,"<Point><coordinates>-0.001119,0.000334</coordinates></Point>"
,10026,0,0,unknown_control,0,-0.001119,0.000334,"<Point><coordinates>-0.001119,0.000334</coordinates></Point>"
,10027,0,0,unknown_control,0,-0.001119,0.000334,"<Point><coordinates>-0.001119,0.000334</coordinates></Point>"
,10028,0,0,unknown_control,0,-0.001119,0.000334,"<Point><coordinates>-0.001119,0.000334</coordinates></Point>"
,10029,0,0,unknown_control,0,-0.001119,0.000334,"<Point><coordinates>-0.001119,0.000334</coordinates></Point>"
,10030,0,0,unknown_control,0,-0.001119,0.000334,"<Point><coordinates>-0.001119,0.000334</coordinates></Point>"
,10031,0,0,unknown_control,0,-0.001119,0.000334,"<Point><coordinates>-0.001119,0.000334</coordinates></Point>"
,10032,0,0,unknown_control,0,-0.001119,0.000334,"<Point><coordinates>-0.001119,0.000334</coordinates></Point>"
,10033,0,0,unknown_control,0,-0.001119,0.000334,"<Point><coordinates>-0.001119,0.000334</coordinates></Point>"
,10034,0,0,unknown_control,0,-0.001119,0.000334,"<Point><coordinates>-0.001119,0.000334</coordinates></Point>"
,10035,0,0,unknown_control,0,-0.001119,0.000334,"<Point><coordinates>-0.001119,0.000334</coordinates></Point>"
,10036,0,0,unknown_control,0,-0.001119,0.000334,"<Point><coordinates>-0.001119,0.000334</coordinates></Point>"
,10037,0,0,unknown_control,0,-0.001119,0.000334,"<Point><coordinates>-0.001119,0.000334</coordinates></Point>"
,10038,0,0,unknown_control,0,-0.001119,0.000334,"<Point><coordinates>-0.001119,0.000334</coordinates></Point>"
,10039,0,0,unknown_control,0,-0.001119,0.000334,"<Point><coordinates>-0.001119,0.000334</coordinates></Point>"
,10040,0,0,unknown_control,0,-0.001119,0.000334,"<Point><coordinates>-0.001119,0.000334</coordinates></Point>"
,10041,0,0,unknown_control,0,-0.001119,0.000334,"<Point><coordinates>-0.001119,0.000334</coordinates></Point>"
,10042,0,0,unknown_control,0,-0.001119,0.000334,"<Point><coordinates>-0.001119,0.000334</coordinates></Point>"
,10043,0,0,unknown_control,0,-0.001119,0.000334,"<Point><coordinates>-0.001119,0.000334</coordinates></Point>"
,10044,0,0,unknown_control,0,-0.001119,0.000334,"<Point><coordinates>-0.001119,0.000334</coordinates></Point>"
,10045,0,0,unknown_control,0,-0.001119,0.000334,"<Point><coordinates>-0.001119,0.000334</coordinates></Point>"
,10046,0,0,unknown_control,0,-0.001119,0.000334,"<Point><coordinates>-0.001119,0.000334</coordinates></Point>"
,10047,0,0,unknown_control,0,-0.001119,0.000334,"<Point><coordinates>-0.001119,0.000334</coordinates></Point>"
,10048,0,0,unknown_control,0,-0.001119,0.000334,"<Point><coordinates>-0.001119,0.000334</coordinates></Point>"
,10049,0,0,unknown_control,0,-0.001119,0.000334,"<Point><coordinates>-0.001119,0.000334</coordinates></Point>"
,10050,0,0,unknown_control,0,-0.001119,0.000334,"<Point><coordinates>-0.001119,0.000334</coordinates></Point>"
,10051,0,0,unknown_control,0,-0.001119,0.000334,"<Point><coordinates>-0.001119,0.000334</coordinates></Point>"
,10052,0,0,unknown_control,0,-0.001119,0.000334,"<Point><coordinates>-0.001119,0.000334</coordinates></Point>"
,10053,0,0,unknown_control,0,-0.001119,0.000334,"<Point><coordinates>-0.001119,0.000334</coordinates></Point>"
,10054,0,0,unknown_control,0,-0.001119,0.000334,"<Point><coordinates>-0.001119,0.000334</coordinates></Point>"
,10055,0,0,unknown_control,0,-0.001119,0.000334,"<Point><coordinates>-0.001119,0.000334</coordinates></Point>"
,10056,0,0,unknown_control,0,-0.001119,0.000334,"<Point><coordinates>-0.001119,0.000334</coordinates></Point>"
,10057,0,0,unknown_control,0,-0.001119,0.000334,"<Point><coordinates>-0.001119,0.000334</coordinates></Point>"
,10058,0,0,unknown_control,0,-0.001119,0.000334,"<Point><coordinates>-0.001119,0.000334</coordinates></Point>"
,10059,0,0,unknown_control,0,-0.001119,0.000334,"<Point><coordinates>-0.001119,0.000334</coordinates></Point>"
,10060,0,0,unknown_control,0,-0.001119,0.000334,"<Point><coordinates>-0.001119,0.000334</coordinates></Point>"
,10061,0,0,unknown_control,0,-0.001119,0.000334,"<Point><coordinates>-0.001119,0.000334</coordinates></Point>"
,10062,0,0,unknown_control,0,-0.001120,0.000334,"<Point><coordinates>-0.001120,0.000334</coordinates></Point>"
,10063,0,0,unknown_control,0,-0.001119,0.000334,"<Point><coordinates>-0.001119,0.000334</coordinates></Point>"
,10064,0,0,unknown_control,0,-0.001119,0.000334,"<Point><coordinates>-0.001119,0.000334</coordinates></Point>"
,10065,0,0,unknown_control,0,-0.001119,0.000334,"<Point><coordinates>-0.001119,0.000334</coordinates></Point>"
,10066,0,0,unknown_control,0,-0.001119,0.000334,"<Point><coordinates>-0.001119,0.000334</coordinates></Point>"
,10067,0,0,unknown_control,0,-0.001119,0.000334,"<Point><coordinates>-0.001119,0.000334</coordinates></Point>"
,10068,0,0,unknown_control,0,-0.001119,0.000334,"<Point><coordinates>-0.001119,0.000334</coordinates></Point>"
,10069,0,0,unknown_control,0,-0.001119,0.000334,"<Point><coordinates>-0.001119,0.000334</coordinates></Point>"
,10070,0,0,unknown_control,0,-0.001119,0.000334,"<Point><coordinates>-0.001119,0.000334</coordinates></Point>"
,10071,0,0,unknown_control,0,-0.001119,0.000334,"<Point><coordinates>-0.001119,0.000334</coordinates></Point>"
,10072,0,0,unknown_control,0,-0.001119,0.000334,"<Point><coordinates>-0.001119,0.000334</coordinates></Point>"
,10073,0,0,unknown_control,0,-0.001119,0.000334,"<Point><coordinates>-0.001119,0.000334</coordinates></Point>"
,10074,0,0,unknown_control,0,-0.001119,0.000334,"<Point><coordinates>-0.001119,0.000334</coordinates></Point>"
,10075,0,0,unknown_control,0,-0.001119,0.000334,"<Point><coordinates>-0.001119,0.000334</coordinates></Point>"
,10076,0,0,unknown_control,0,-0.001119,0.000334,"<Point><coordinates>-0.001119,0.000334</coordinates></Point>"
,10077,0,0,unknown_control,0,-0.001119,0.000334,"<Point><coordinates>-0.001119,0.000334</coordinates></Point>"
,10078,0,0,unknown_control,0,-0.001120,0.000334,"<Point><coordinates>-0.001120,0.000334</coordinates></Point>"
,10079,0,0,unknown_control,0,-0.001119,0.000334,"<Point><coordinates>-0.001119,0.000334</coordinates></Point>"
,10080,0,0,unknown_control,0,-0.001119,0.000334,"<Point><coordinates>-0.001119,0.000334</coordinates></Point>"
,10081,0,0,unknown_control,0,-0.001119,0.000334,"<Point><coordinates>-0.001119,0.000334</coordinates></Point>"
,10082,0,0,unknown_control,0,-0.001119,0.000334,"<Point><coordinates>-0.001119,0.000334</coordinates></Point>"
,10083,0,0,unknown_control,0,-0.001119,0.000334,"<Point><coordinates>-0.001119,0.000334</coordinates></Point>"
,10084,0,0,unknown_control,0,-0.001119,0.000334,"<Point><coordinates>-0.001119,0.000334</coordinates></Point>"
,10085,0,0,unknown_control,0,-0.001119,0.000334,"<Point><coordinates>-0.001119,0.000334</coordinates></Point>"
,10086,0,0,unknown_control,0,-0.001119,0.000334,"<Point><coordinates>-0.001119,0.000334</coordinates></Point>"
,10087,0,0,unknown_control,0,-0.001119,0.000334,"<Point><coordinates>-0.001119,0.000334</coordinates></Point>"
,10088,0,0,unknown_control,0,-0.001119,0.000334,"<Point><coordinates>-0.001119,0.000334</coordinates></Point>"
,10089,0,0,unknown_control,0,-0.001119,0.000334,"<Point><coordinates>-0.001119,0.000334</coordinates></Point>"
,10090,0,0,unknown_control,0,-0.001119,0.000334,"<Point><coordinates>-0.001119,0.000334</coordinates></Point>"
,10091,0,0,unknown_control,0,-0.001119,0.000334,"<Point><coordinates>-0.001119,0.000334</coordinates></Point>"
,10092,0,0,unknown_control,0,-0.001119,0.000334,"<Point><coordinates>-0.001119,0.000334</coordinates></Point>"
,10093,0,0,unknown_control,0,-0.001119,0.000334,"<Point><coordinates>-0.001119,0.000334</coordinates></Point>"
,10094,0,0,unknown_control,0,-0.001120,0.000334,"<Point><coordinates>-0.001120,0.000334</coordinates></Point>"
,10095,0,0,unknown_control,0,-0.001119,0.000334,"<Point><coordinates>-0.001119,0.000334</coordinates></Point>"
,10096,0,0,unknown_control,0,-0.001119,0.000334,"<Point><coordinates>-0.001119,0.000334</coordinates></Point>"
,10097,0,0,unknown_control,0,-0.001119,0.000334,"<Point><coordinates>-0.001119,0.000334</coordinates></Point>"
,10098,0,0,unknown_control,0,-0.001119,0.000334,"<Point><coordinates>-0.001119,0.000334</coordinates></Point>"
,10099,0,0,unknown_control,0,-0.001119,0.000334,"<Point><coordinates>-0.001119,0.000334</coordinates></Point>"
,10100,0,0,unknown_control,0,-0.001119,0.000334,"<Point><coordinates>-0.001119,0.000334</coordinates></Point>"
,10101,0,0,unknown_control,0,-0.001119,0.000334,"<Point><coordinates>-0.001119,0.000334</coordinates></Point>"
,10102,0,0,unknown_control,0,-0.001119,0.000334,"<Point><coordinates>-0.001119,0.000334</coordinates></Point>"
,10103,0,0,unknown_control,0,-0.001119,0.000334,"<Point><coordinates>-0.001119,0.000334</coordinates></Point>"
,10104,0,0,unknown_control,0,-0.001119,0.000334,"<Point><coordinates>-0.001119,0.000334</coordinates></Point>"
,10105,0,0,unknown_control,0,-0.001119,0.000334,"<Point><coordinates>-0.001119,0.000334</coordinates></Point>"
,10106,0,0,unknown_control,0,-0.001119,0.000334,"<Point><coordinates>-0.001119,0.000334</coordinates></Point>"
,10107,0,0,unknown_control,0,-0.001119,0.000334,"<Point><coordinates>-0.001119,0.000334</coordinates></Point>"
,10108,0,0,unknown_control,0,-0.001119,0.000334,"<Point><coordinates>-0.001119,0.000334</coordinates></Point>"
,10109,0,0,unknown_control,0,-0.001119,0.000334,"<Point><coordinates>-0.001119,0.000334</coordinates></Point>"
,10110,0,0,unknown_control,0,-0.001119,0.000334,"<Point><coordinates>-0.001119,0.000334</coordinates></Point>"
,10111,0,0,unknown_control,0,-0.001119,0.000334,"<Point><coordinates>-0.001119,0.000334</coordinates></Point>"
,10112,0,0,unknown_control,0,-0.001119,0.000334,"<Point><coordinates>-0.001119,0.000334</coordinates></Point>"
,10113,0,0,unknown_control,0,-0.001119,0.000334,"<Point><coordinates>-0.001119,0.000334</coordinates></Point>"
,10114,0,0,unknown_control,0,-0.001119,0.000334,"<Point><coordinates>-0.001119,0.000334</coordinates></Point>"
,10115,0,0,unknown_control,0,-0.001119,0.000334,"<Point><coordinates>-0.001119,0.000334</coordinates></Point>"
,10116,0,0,unknown_control,0,-0.001119,0.000334,"<Point><coordinates>-0.001119,0.000334</coordinates></Point>"
,10117,0,0,unknown_control,0,-0.001119,0.000334,"<Point><coordinates>-0.001119,0.000334</coordinates></Point>"
,10118,0,0,unknown_control,0,-0.001119,0.000334,"<Point><coordinates>-0.001119,0.000334</coordinates></Point>"
,10119,0,0,unknown_control,0,-0.001119,0.000334,"<Point><coordinates>-0.001119,0.000334</coordinates></Point>"
,10120,0,0,unknown_control,0,-0.001119,0.000334,"<Point><coordinates>-0.001119,0.000334</coordinates></Point>"
,10121,0,0,unknown_control,0,-0.001119,0.000334,"<Point><coordinates>-0.001119,0.000334</coordinates></Point>"
,10122,0,0,unknown_control,0,-0.001119,0.000334,"<Point><coordinates>-0.001119,0.000334</coordinates></Point>"
,10123,0,0,unknown_control,0,-0.001119,0.000334,"<Point><coordinates>-0.001119,0.000334</coordinates></Point>"
,10124,0,0,unknown_control,0,-0.001119,0.000334,"<Point><coordinates>-0.001119,0.000334</coordinates></Point>"
,10125,0,0,unknown_control,0,-0.001119,0.000334,"<Point><coordinates>-0.001119,0.000334</coordinates></Point>"
,10126,0,0,unknown_control,0,-0.001119,0.000334,"<Point><coordinates>-0.001119,0.000334</coordinates></Point>"
,10127,0,0,unknown_control,0,-0.001120,0.000334,"<Point><coordinates>-0.001120,0.000334</coordinates></Point>"
,10128,0,0,unknown_control,0,-0.001119,0.000334,"<Point><coordinates>-0.001119,0.000334</coordinates></Point>"
,10129,0,0,unknown_control,0,-0.001119,0.000334,"<Point><coordinates>-0.001119,0.000334</coordinates></Point>"
,10130,0,0,unknown_control,0,-0.001119,0.000334,"<Point><coordinates>-0.001119,0.000334</coordinates></Point>"
,10131,0,0,unknown_control,0,-0.001119,0.000334,"<Point><coordinates>-0.001119,0.000334</coordinates></Point>"
,10132,0,0,unknown_control,0,-0.001119,0.000334,"<Point><coordinates>-0.001119,0.000334</coordinates></Point>"
,10133,0,0,unknown_control,0,-0.001119,0.000334,"<Point><coordinates>-0.001119,0.000334</coordinates></Point>"
,10134,0,0,unknown_control,0,-0.001119,0.000334,"<Point><coordinates>-0.001119,0.000334</coordinates></Point>"
,10135,0,0,unknown_control,0,-0.001119,0.000334,"<Point><coordinates>-0.001119,0.000334</coordinates></Point>"
,10136,0,0,unknown_control,0,-0.001119,0.000334,"<Point><coordinates>-0.001119,0.000334</coordinates></Point>"
,10137,0,0,unknown_control,0,-0.001119,0.000334,"<Point><coordinates>-0.001119,0.000334</coordinates></Point>"
,10138,0,0,unknown_control,0,-0.001119,0.000334,"<Point><coordinates>-0.001119,0.000334</coordinates></Point>"
,10139,0,0,unknown_control,0,-0.001119,0.000334,"<Point><coordinates>-0.001119,0.000334</coordinates></Point>"
,10140,0,0,unknown_control,0,-0.001119,0.000334,"<Point><coordinates>-0.001119,0.000334</coordinates></Point>"
,10141,0,0,unknown_control,0,-0.001119,0.000334,"<Point><coordinates>-0.001119,0.000334</coordinates></Point>"
,10142,0,0,unknown_control,0,-0.001119,0.000334,"<Point><coordinates>-0.001119,0.000334</coordinates></Point>"
,10143,0,0,unknown_control,0,-0.001119,0.000334,"<Point><coordinates>-0.001119,0.000334</coordinates></Point>"
,10144,0,0,unknown_control,0,-0.001119,0.000334,"<Point><coordinates>-0.001119,0.000334</coordinates></Point>"
,10145,0,0,unknown_control,0,-0.001119,0.000334,"<Point><coordinates>-0.001119,0.000334</coordinates></Point>"
,10146,0,0,unknown_control,0,-0.001119,0.000334,"<Point><coordinates>-0.001119,0.000334</coordinates></Point>"
,10147,0,0,unknown_control,0,-0.001119,0.000334,"<Point><coordinates>-0.001119,0.000334</coordinates></Point>"
,10148,0,0,unknown_control,0,-0.001119,0.000334,"<Point><coordinates>-0.001119,0.000334</coordinates></Point>"
,10149,0,0,unknown_control,0,-0.001119,0.000334,"<Point><coordinates>-0.001119,0.000334</coordinates></Point>"
,10150,0,0,unknown_control,0,-0.001119,0.000334,"<Point><coordinates>-0.001119,0.000334</coordinates></Point>"
,10151,0,0,unknown_control,0,-0.001119,0.000334,"<Point><coordinates>-0.001119,0.000334</coordinates></Point>"
,10152,0,0,unknown_control,0,-0.001119,0.000334,"<Point><coordinates>-0.001119,0.000334</coordinates></Point>"
,10153,0,0,unknown_control,0,-0.001119,0.000334,"<Point><coordinates>-0.001119,0.000334</coordinates></Point>"
,10154,0,0,unknown_control,0,-0.001119,0.000334,"<Point><coordinates>-0.001119,0.000334</coordinates></Point>"
,10155,0,0,unknown_control,0,-0.001119,0.000334,"<Point><coordinates>-0.001119,0.000334</coordinates></Point>"
,10156,0,0,unknown_control,0,-0.001120,0.000334,"<Point><coordinates>-0.001120,0.000334</coordinates></Point>"
,10157,0,0,unknown_control,0,-0.001119,0.000334,"<Point><coordinates>-0.001119,0.000334</coordinates></Point>"
,10158,0,0,unknown_control,0,-0.001119,0.000334,"<Point><coordinates>-0.001119,0.000334</coordinates></Point>"
,10159,0,0,unknown_control,0,-0.001119,0.000334,"<Point><coordinates>-0.001119,0.000334</coordinates></Point>"
,10160,0,0,unknown_control,0,-0.001119,0.000334,"<Point><coordinates>-0.001119,0.000334</coordinates></Point>"
,10161,0,0,unknown_control,0,-0.001119,0.000334,"<Point><coordinates>-0.001119,0.000334</coordinates></Point>"
,10162,0,0,unknown_control,0,-0.001119,0.000334,"<Point><coordinates>-0.001119,0.000334</coordinates></Point>"
,10163,0,0,unknown_control,0,-0.001119,0.000334,"<Point><coordinates>-0.001119,0.000334</coordinates></Point>"
,10164,0,0,unknown_control,0,-0.001119,0.000334,"<Point><coordinates>-0.001119,0.000334</coordinates></Point>"
,10165,0,0,unknown_control,0,-0.001119,0.000334,"<Point><coordinates>-0.001119,0.000334</coordinates></Point>"
,10166,0,0,unknown_control,0,-0.001119,0.000334,"<Point><coordinates>-0.001119,0.000334</coordinates></Point>"
,10167,0,0,unknown_control,0,-0.001119,0.000334,"<Point><coordinates>-0.001119,0.000334</coordinates></Point>"
,10168,0,0,unknown_control,0,-0.001119,0.000334,"<Point><coordinates>-0.001119,0.000334</coordinates></Point>"
,10169,0,0,unknown_control,0,-0.001119,0.000334,"<Point><coordinates>-0.001119,0.000334</coordinates></Point>"
,10170,0,0,unknown_control,0,-0.001119,0.000334,"<Point><coordinates>-0.001119,0.000334</coordinates></Point>"
,10171,0,0,unknown_control,0,-0.001119,0.000334,"<Point><coordinates>-0.001119,0.000334</coordinates></Point>"
,10172,0,0,unknown_control,0,-0.001119,0.000334,"<Point><coordinates>-0.001119,0.000334</coordinates></Point>"
,10173,0,0,unknown_control,0,-0.001119,0.000334,"<Point><coordinates>-0.001119,0.000334</coordinates></Point>"
,10174,0,0,unknown_control,0,-0.001119,0.000334,"<Point><coordinates>-0.001119,0.000334</coordinates></Point>"
,10175,0,0,unknown_control,0,-0.001119,0.000334,"<Point><coordinates>-0.001119,0.000334</coordinates></Point>"
,10176,0,0,unknown_control,0,-0.001119,0.000334,"<Point><coordinates>-0.001119,0.000334</coordinates></Point>"
,10177,0,0,unknown_control,0,-0.001119,0.000334,"<Point><coordinates>-0.001119,0.000334</coordinates></Point>"
,10178,0,0,unknown_control,0,-0.001119,0.000334,"<Point><coordinates>-0.001119,0.000334</coordinates></Point>"
,10179,0,0,unknown_control,0,-0.001119,0.000334,"<Point><coordinates>-0.001119,0.000334</coordinates></Point>"
,10180,0,0,unknown_control,0,-0.001119,0.000334,"<Point><coordinates>-0.001119,0.000334</coordinates></Point>"
,10181,0,0,unknown_control,0,-0.001119,0.000334,"<Point><coordinates>-0.001119,0.000334</coordinates></Point>"
,10182,0,0,unknown_control,0,-0.001119,0.000334,"<Point><coordinates>-0.001119,0.000334</coordinates></Point>"
,10183,0,0,unknown_control,0,-0.001119,0.000334,"<Point><coordinates>-0.001119,0.000334</coordinates></Point>"
,10184,0,0,unknown_control,0,-0.001119,0.000334,"<Point><coordinates>-0.001119,0.000334</coordinates></Point>"
,10185,0,0,unknown_control,0,-0.001119,0.000334,"<Point><coordinates>-0.001119,0.000334</coordinates></Point>"
,10186,0,0,unknown_control,0,-0.001119,0.000334,"<Point><coordinates>-0.001119,0.000334</coordinates></Point>"
,10187,0,0,unknown_control,0,-0.001119,0.000334,"<Point><coordinates>-0.001119,0.000334</coordinates></Point>"
,10188,0,0,unknown_control,0,-0.001119,0.000334,"<Point><coordinates>-0.001119,0.000334</coordinates></Point>"
,10189,0,0,unknown_control,0,-0.001119,0.000334,"<Point><coordinates>-0.001119,0.000334</coordinates></Point>"
,10190,0,0,unknown_control,0,-0.001119,0.000334,"<Point><coordinates>-0.001119,0.000334</coordinates></Point>"
,10191,0,0,unknown_control,0,-0.001119,0.000334,"<Point><coordinates>-0.001119,0.000334</coordinates></Point>"
,10192,0,0,unknown_control,0,-0.001119,0.000334,"<Point><coordinates>-0.001119,0.000334</coordinates></Point>"
,10193,0,0,unknown_control,0,-0.001119,0.000334,"<Point><coordinates>-0.001119,0.000334</coordinates></Point>"
,10194,0,0,unknown_control,0,-0.001119,0.000334,"<Point><coordinates>-0.001119,0.000334</coordinates></Point>"
,10195,0,0,unknown_control,0,-0.001119,0.000334,"<Point><coordinates>-0.001119,0.000334</coordinates></Point>"
,10196,0,0,unknown_control,0,-0.001119,0.000334,"<Point><coordinates>-0.001119,0.000334</coordinates></Point>"
,10197,0,0,unknown_control,0,-0.001119,0.000334,"<Point><coordinates>-0.001119,0.000334</coordinates></Point>"
,10198,0,0,unknown_control,0,-0.001119,0.000334,"<Point><coordinates>-0.001119,0.000334</coordinates></Point>"
,10199,0,0,unknown_control,0,-0.001119,0.000334,"<Point><coordinates>-0.001119,0.000334</coordinates></Point>"
,10200,0,0,unknown_control,0,-0.001119,0.000334,"<Point><coordinates>-0.001119,0.000334</coordinates></Point>"
,10201,0,0,unknown_control,0,-0.001119,0.000334,"<Point><coordinates>-0.001119,0.000334</coordinates></Point>"
,10202,0,0,unknown_control,0,-0.001119,0.000334,"<Point><coordinates>-0.001119,0.000334</coordinates></Point>"
,10203,0,0,unknown_control,0,-0.001119,0.000334,"<Point><coordinates>-0.001119,0.000334</coordinates></Point>"
,10204,0,0,unknown_control,0,-0.001119,0.000334,"<Point><coordinates>-0.001119,0.000334</coordinates></Point>"
,10205,0,0,unknown_control,0,-0.001119,0.000334,"<Point><coordinates>-0.001119,0.000334</coordinates></Point>"
,10206,0,0,unknown_control,0,-0.001119,0.000334,"<Point><coordinates>-0.001119,0.000334</coordinates></Point>"
,10207,0,0,unknown_control,0,-0.001119,0.000334,"<Point><coordinates>-0.001119,0.000334</coordinates></Point>"
,10208,0,0,unknown_control,0,-0.001119,0.000334,"<Point><coordinates>-0.001119,0.000334</coordinates></Point>"
,10209,0,0,unknown_control,0,-0.001119,0.000334,"<Point><coordinates>-0.001119,0.000334</coordinates></Point>"
,10210,0,0,unknown_control,0,-0.001119,0.000334,"<Point><coordinates>-0.001119,0.000334</coordinates></Point>"
,10211,0,0,unknown_control,0,-0.001119,0.000334,"<Point><coordinates>-0.001119,0.000334</coordinates></Point>"
,10212,0,0,unknown_control,0,-0.001119,0.000334,"<Point><coordinates>-0.001119,0.000334</coordinates></Point>"
,10213,0,0,unknown_control,0,-0.001119,0.000334,"<Point><coordinates>-0.001119,0.000334</coordinates></Point>"
,10214,0,0,unknown_control,0,-0.001119,0.000334,"<Point><coordinates>-0.001119,0.000334</coordinates></Point>"
,10215,0,0,unknown_control,0,-0.001119,0.000334,"<Point><coordinates>-0.001119,0.000334</coordinates></Point>"
,10216,0,0,unknown_control,0,-0.001119,0.000334,"<Point><coordinates>-0.001119,0.000334</coordinates></Point>"
,10217,0,0,unknown_control,0,-0.001119,0.000334,"<Point><coordinates>-0.001119,0.000334</coordinates></Point>"
,10218,0,0,unknown_control,0,-0.001119,0.000334,"<Point><coordinates>-0.001119,0.000334</coordinates></Point>"
,10219,0,0,unknown_control,0,-0.001119,0.000334,"<Point><coordinates>-0.001119,0.000334</coordinates></Point>"
,10220,0,0,unknown_control,0,-0.001119,0.000334,"<Point><coordinates>-0.001119,0.000334</coordinates></Point>"
,10221,0,0,unknown_control,0,-0.001119,0.000334,"<Point><coordinates>-0.001119,0.000334</coordinates></Point>"
,10222,0,0,unknown_control,0,-0.001119,0.000334,"<Point><coordinates>-0.001119,0.000334</coordinates></Point>"
,10223,0,0,unknown_control,0,-0.001119,0.000334,"<Point><coordinates>-0.001119,0.000334</coordinates></Point>"
,10224,0,0,unknown_control,0,-0.001119,0.000334,"<Point><coordinates>-0.001119,0.000334</coordinates></Point>"
,10225,0,0,unknown_control,0,-0.001119,0.000334,"<Point><coordinates>-0.001119,0.000334</coordinates></Point>"
,10226,0,0,unknown_control,0,-0.001119,0.000334,"<Point><coordinates>-0.001119,0.000334</coordinates></Point>"
,10227,0,0,unknown_control,0,-0.001119,0.000334,"<Point><coordinates>-0.001119,0.000334</coordinates></Point>"
,10228,0,0,unknown_control,0,-0.001120,0.000334,"<Point><coordinates>-0.001120,0.000334</coordinates></Point>"
,10229,0,0,unknown_control,0,-0.001119,0.000334,"<Point><coordinates>-0.001119,0.000334</coordinates></Point>"
,10230,0,0,unknown_control,0,-0.001119,0.000334,"<Point><coordinates>-0.001119,0.000334</coordinates></Point>"
,10231,0,0,unknown_control,0,-0.001119,0.000334,"<Point><coordinates>-0.001119,0.000334</coordinates></Point>"
,10232,0,0,unknown_control,0,-0.001119,0.000334,"<Point><coordinates>-0.001119,0.000334</coordinates></Point>"
,10233,0,0,unknown_control,0,-0.001119,0.000334,"<Point><coordinates>-0.001119,0.000334</coordinates></Point>"
,10234,0,0,unknown_control,0,-0.001119,0.000334,"<Point><coordinates>-0.001119,0.000334</coordinates></Point>"
,10235,0,0,unknown_control,0,-0.001119,0.000334,"<Point><coordinates>-0.001119,0.000334</coordinates></Point>"
,10236,0,0,unknown_control,0,-0.001119,0.000334,"<Point><coordinates>-0.001119,0.000334</coordinates></Point>"
,10237,0,0,unknown_control,0,-0.001119,0.000334,"<Point><coordinates>-0.001119,0.000334</coordinates></Point>"
,10238,0,0,unknown_control,0,-0.001119,0.000334,"<Point><coordinates>-0.001119,0.000334</coordinates></Point>"
,10239,0,0,unknown_control,0,-0.001119,0.000334,"<Point><coordinates>-0.001119,0.000334</coordinates></Point>"
,10240,0,0,unknown_control,0,-0.001119,0.000334,"<Point><coordinates>-0.001119,0.000334</coordinates></Point>"
,10241,0,0,unknown_control,0,-0.001119,0.000334,"<Point><coordinates>-0.001119,0.000334</coordinates></Point>"
,10242,0,0,unknown_control,0,-0.001119,0.000334,"<Point><coordinates>-0.001119,0.000334</coordinates></Point>"
,10243,0,0,unknown_control,0,-0.001119,0.000334,"<Point><coordinates>-0.001119,0.000334</coordinates></Point>"
,10244,0,0,unknown_control,0,-0.001119,0.000334,"<Point><coordinates>-0.001119,0.000334</coordinates></Point>"
,10245,0,0,unknown_control,0,-0.001119,0.000334,"<Point><coordinates>-0.001119,0.000334</coordinates></Point>"
,10246,0,0,unknown_control,0,-0.001119,0.000334,"<Point><coordinates>-0.001119,0.000334</coordinates></Point>"
,10247,0,0,unknown_control,0,-0.001119,0.000334,"<Point><coordinates>-0.001119,0.000334</coordinates></Point>"
