zone_id,total_production_capacity,total_production,avg_production_distance,total_attraction_capacity,total_attraction,avg_attraction_distance,geometry
1,814.400024,1172,2.811018,814.400024,1014,2.224843,"<Polygon><outerBoundaryIs><LinearRing><coordinates>-111.940667,40.625617,0.0 -111.940667,40.621155,0.0 -111.947984,40.621155,0.0 -111.947984,40.625617,0.0 -111.940667,40.625617,0.0"</coordinates></LinearRing></outerBoundaryIs></Polygon>"
2,814.400024,1203,2.418805,814.400024,896,2.133527,"<Polygon><outerBoundaryIs><LinearRing><coordinates>-111.940863,40.607852,0.0 -111.949905,40.607852,0.0 -111.949905,40.611808,0.0 -111.940863,40.611808,0.0 -111.940863,40.607852,0.0"</coordinates></LinearRing></outerBoundaryIs></Polygon>"
3,892.000000,2484,2.887520,892.000000,1267,2.087790,"<Polygon><outerBoundaryIs><LinearRing><coordinates>-111.941048,40.589550,0.0 -111.941048,40.585838,0.0 -111.949661,40.585838,0.0 -111.949661,40.589550,0.0 -111.941048,40.589550,0.0"</coordinates></LinearRing></outerBoundaryIs></Polygon>"
4,666.400024,87,2.934205,666.400024,61,2.072697,"<Polygon><outerBoundaryIs><LinearRing><coordinates>-111.941093,40.575069,0.0 -111.941093,40.571143,0.0 -111.949730,40.571143,0.0 -111.949730,40.575069,0.0 -111.941093,40.575069,0.0"</coordinates></LinearRing></outerBoundaryIs></Polygon>"
5,857.299988,651,2.796414,857.299988,469,2.320889,"<Polygon><outerBoundaryIs><LinearRing><coordinates>-111.940593,40.564290,0.0 -111.940593,40.560078,0.0 -111.949445,40.560078,0.0 -111.949445,40.564290,0.0 -111.940593,40.564290,0.0"</coordinates></LinearRing></outerBoundaryIs></Polygon>"
6,929.500000,851,3.289823,929.500000,652,2.900544,"<Polygon><outerBoundaryIs><LinearRing><coordinates>-111.937738,40.555581,0.0 -111.937738,40.546087,0.0 -111.944377,40.546087,0.0 -111.944377,40.555581,0.0 -111.937738,40.555581,0.0"</coordinates></LinearRing></outerBoundaryIs></Polygon>"
7,666.400024,634,2.926861,666.400024,438,2.778876,"<Polygon><outerBoundaryIs><LinearRing><coordinates>-111.931171,40.557437,0.0 -111.926673,40.557437,0.0 -111.926673,40.549799,0.0 -111.931171,40.549799,0.0 -111.931171,40.557437,0.0"</coordinates></LinearRing></outerBoundaryIs></Polygon>"
8,633.000000,117,2.709195,633.000000,40,3.138448,"<Polygon><outerBoundaryIs><LinearRing><coordinates>-111.904299,40.557879,0.0 -111.901015,40.557879,0.0 -111.901015,40.551811,0.0 -111.904299,40.551811,0.0 -111.904299,40.557879,0.0"</coordinates></LinearRing></outerBoundaryIs></Polygon>"
9,773.599976,984,3.095120,773.599976,1096,3.470208,"<Polygon><outerBoundaryIs><LinearRing><coordinates>-111.900051,40.560734,0.0 -111.894912,40.560734,0.0 -111.894912,40.556273,0.0 -111.900051,40.556273,0.0 -111.900051,40.560734,0.0"</coordinates></LinearRing></outerBoundaryIs></Polygon>"
10,601.400024,29,2.710603,601.400024,50,3.262515,"<Polygon><outerBoundaryIs><LinearRing><coordinates>-111.898588,40.571501,0.0 -111.890022,40.571501,0.0 -111.890022,40.567754,0.0 -111.898588,40.567754,0.0 -111.898588,40.571501,0.0"</coordinates></LinearRing></outerBoundaryIs></Polygon>"
11,847.400024,1167,2.821846,847.400024,1570,3.014753,"<Polygon><outerBoundaryIs><LinearRing><coordinates>-111.901473,40.587206,0.0 -111.901473,40.591281,0.0 -111.894216,40.591281,0.0 -111.894216,40.587206,0.0 -111.901473,40.587206,0.0"</coordinates></LinearRing></outerBoundaryIs></Polygon>"
12,514.500000,477,2.675251,514.500000,37,2.680132,"<Polygon><outerBoundaryIs><LinearRing><coordinates>-111.907590,40.607506,0.0 -111.905115,40.607506,0.0 -111.905115,40.605388,0.0 -111.907590,40.605388,0.0 -111.907590,40.607506,0.0"</coordinates></LinearRing></outerBoundaryIs></Polygon>"
13,814.400024,411,3.169571,814.400024,805,2.938754,"<Polygon><outerBoundaryIs><LinearRing><coordinates>-111.904500,40.609472,0.0 -111.904500,40.613802,0.0 -111.894887,40.613802,0.0 -111.894887,40.609472,0.0 -111.904500,40.609472,0.0"</coordinates></LinearRing></outerBoundaryIs></Polygon>"
14,6514.399902,858,2.639428,6514.399902,963,3.014589,"<Polygon><outerBoundaryIs><LinearRing><coordinates>-111.905880,40.622273,0.0 -111.896410,40.622273,0.0 -111.896410,40.618799,0.0 -111.905880,40.618799,0.0 -111.905880,40.622273,0.0"</coordinates></LinearRing></outerBoundaryIs></Polygon>"
15,17733.000000,263,2.460323,17733.000000,376,2.832573,"<Polygon><outerBoundaryIs><LinearRing><coordinates>-111.908640,40.623511,0.0 -111.911686,40.623511,0.0 -111.911686,40.627984,0.0 -111.908640,40.627984,0.0 -111.908640,40.623511,0.0"</coordinates></LinearRing></outerBoundaryIs></Polygon>"
16,666.400024,378,2.334482,666.400024,495,2.341307,"<Polygon><outerBoundaryIs><LinearRing><coordinates>-111.930163,40.625512,0.0 -111.930163,40.632204,0.0 -111.927753,40.632204,0.0 -111.927753,40.625512,0.0 -111.930163,40.625512,0.0"</coordinates></LinearRing></outerBoundaryIs></Polygon>"
17,40000.800781,1328,2.646212,40000.800781,569,2.252485,"<Polygon><outerBoundaryIs><LinearRing><coordinates>-111.936410,40.621101,0.0 -111.930652,40.621101,0.0 -111.930652,40.613249,0.0 -111.936410,40.613249,0.0 -111.936410,40.621101,0.0"</coordinates></LinearRing></outerBoundaryIs></Polygon>"
18,10000.200195,578,2.777707,10000.200195,562,2.679273,"<Polygon><outerBoundaryIs><LinearRing><coordinates>-111.935030,40.631808,0.0 -111.932365,40.631808,0.0 -111.932365,40.629001,0.0 -111.935030,40.629001,0.0 -111.935030,40.631808,0.0"</coordinates></LinearRing></outerBoundaryIs></Polygon>"
19,40000.800781,405,2.110099,40000.800781,670,2.739976,"<Polygon><outerBoundaryIs><LinearRing><coordinates>-111.935729,40.569958,0.0 -111.930791,40.569958,0.0 -111.930791,40.565735,0.0 -111.935729,40.565735,0.0 -111.935729,40.569958,0.0"</coordinates></LinearRing></outerBoundaryIs></Polygon>"
20,70001.398438,303,2.303494,70001.398438,363,2.508462,"<Polygon><outerBoundaryIs><LinearRing><coordinates>-111.925438,40.568887,0.0 -111.911934,40.568887,0.0 -111.911934,40.563534,0.0 -111.925438,40.563534,0.0 -111.925438,40.568887,0.0"</coordinates></LinearRing></outerBoundaryIs></Polygon>"
21,514.500000,342,3.179376,514.500000,946,3.319108,"<Polygon><outerBoundaryIs><LinearRing><coordinates>-111.916336,40.557109,0.0 -111.909912,40.557109,0.0 -111.909912,40.551458,0.0 -111.916336,40.551458,0.0 -111.916336,40.557109,0.0"</coordinates></LinearRing></outerBoundaryIs></Polygon>"
22,601.400024,0,0.000000,601.400024,421,3.343838,"<Polygon><outerBoundaryIs><LinearRing><coordinates>-111.901608,40.563753,0.0 -111.898781,40.563753,0.0 -111.898781,40.561468,0.0 -111.901608,40.561468,0.0 -111.901608,40.563753,0.0"</coordinates></LinearRing></outerBoundaryIs></Polygon>"
23,10000.200195,0,0.000000,10000.200195,163,3.493442,"<Polygon><outerBoundaryIs><LinearRing><coordinates>-111.904113,40.577700,0.0 -111.901448,40.577700,0.0 -111.901448,40.573417,0.0 -111.904113,40.573417,0.0 -111.904113,40.577700,0.0"</coordinates></LinearRing></outerBoundaryIs></Polygon>"
24,10000.200195,247,2.889847,10000.200195,1236,2.996333,"<Polygon><outerBoundaryIs><LinearRing><coordinates>-111.906191,40.593586,0.0 -111.906191,40.591016,0.0 -111.908714,40.591016,0.0 -111.908714,40.593586,0.0 -111.906191,40.593586,0.0"</coordinates></LinearRing></outerBoundaryIs></Polygon>"
25,40000.800781,540,2.238425,40000.800781,109,2.132700,"<Polygon><outerBoundaryIs><LinearRing><coordinates>-111.926728,40.575176,0.0 -111.926728,40.585467,0.0 -111.920541,40.585467,0.0 -111.920541,40.575176,0.0 -111.926728,40.575176,0.0"</coordinates></LinearRing></outerBoundaryIs></Polygon>"
26,20000.400391,364,2.127950,20000.400391,236,2.215113,"<Polygon><outerBoundaryIs><LinearRing><coordinates>-111.924289,40.590167,0.0 -111.924289,40.596710,0.0 -111.915425,40.596710,0.0 -111.915425,40.590167,0.0 -111.924289,40.590167,0.0"</coordinates></LinearRing></outerBoundaryIs></Polygon>"
27,20000.400391,781,2.393502,20000.400391,457,2.526158,"<Polygon><outerBoundaryIs><LinearRing><coordinates>-111.941258,40.576046,0.0 -111.945719,40.576046,0.0 -111.945719,40.584969,0.0 -111.941258,40.584969,0.0 -111.941258,40.576046,0.0"</coordinates></LinearRing></outerBoundaryIs></Polygon>"
28,20000.400391,530,2.464075,20000.400391,329,2.874305,"<Polygon><outerBoundaryIs><LinearRing><coordinates>-111.913451,40.578959,0.0 -111.909436,40.578959,0.0 -111.909436,40.575866,0.0 -111.913451,40.575866,0.0 -111.913451,40.578959,0.0"</coordinates></LinearRing></outerBoundaryIs></Polygon>"
29,10000.200195,0,0.000000,10000.200195,0,0.000000,"<Polygon><outerBoundaryIs><LinearRing><coordinates>-111.912143,40.582588,0.0 -111.910447,40.582588,0.0 -111.910447,40.581160,0.0 -111.912143,40.581160,0.0 -111.912143,40.582588,0.0"</coordinates></LinearRing></outerBoundaryIs></Polygon>"
30,30000.601563,1,2.582300,30000.601563,121,2.961849,"<Polygon><outerBoundaryIs><LinearRing><coordinates>-111.903636,40.584700,0.0 -111.901227,40.584700,0.0 -111.901227,40.582172,0.0 -111.903636,40.582172,0.0 -111.903636,40.584700,0.0"</coordinates></LinearRing></outerBoundaryIs></Polygon>"
31,31029.601563,948,2.017852,31029.601563,921,2.004523,"<Polygon><outerBoundaryIs><LinearRing><coordinates>-111.941202,40.590083,0.0 -111.947246,40.590083,0.0 -111.947246,40.607358,0.0 -111.941202,40.607358,0.0 -111.941202,40.590083,0.0"</coordinates></LinearRing></outerBoundaryIs></Polygon>"
32,10000.200195,552,2.634477,10000.200195,515,2.305634,"<Polygon><outerBoundaryIs><LinearRing><coordinates>-111.941011,40.613328,0.0 -111.946770,40.613328,0.0 -111.946770,40.619134,0.0 -111.941011,40.619134,0.0 -111.941011,40.613328,0.0"</coordinates></LinearRing></outerBoundaryIs></Polygon>"
33,10000.200195,259,2.772566,10000.200195,175,2.836656,"<Polygon><outerBoundaryIs><LinearRing><coordinates>-111.941014,40.569523,0.0 -111.941014,40.565669,0.0 -111.947046,40.565669,0.0 -111.947046,40.569523,0.0 -111.941014,40.569523,0.0"</coordinates></LinearRing></outerBoundaryIs></Polygon>"
34,80001.601563,1081,1.809839,80001.601563,1462,1.661852,"<Polygon><outerBoundaryIs><LinearRing><coordinates>-111.931141,40.589287,0.0 -111.936995,40.589287,0.0 -111.936995,40.608513,0.0 -111.931141,40.608513,0.0 -111.931141,40.589287,0.0"</coordinates></LinearRing></outerBoundaryIs></Polygon>"
35,10000.200195,311,2.161564,10000.200195,169,1.983273,"<Polygon><outerBoundaryIs><LinearRing><coordinates>-111.926865,40.614954,0.0 -111.926865,40.620188,0.0 -111.922392,40.620188,0.0 -111.922392,40.614954,0.0 -111.926865,40.614954,0.0"</coordinates></LinearRing></outerBoundaryIs></Polygon>"
36,20000.400391,214,2.127979,20000.400391,203,2.407577,"<Polygon><outerBoundaryIs><LinearRing><coordinates>-111.909046,40.618189,0.0 -111.906976,40.618189,0.0 -111.906976,40.615144,0.0 -111.909046,40.615144,0.0 -111.909046,40.618189,0.0"</coordinates></LinearRing></outerBoundaryIs></Polygon>"
37,60001.199219,878,1.982669,60001.199219,626,2.180676,"<Polygon><outerBoundaryIs><LinearRing><coordinates>-111.936234,40.585768,0.0 -111.931534,40.585768,0.0 -111.931534,40.574703,0.0 -111.936234,40.574703,0.0 -111.936234,40.585768,0.0"</coordinates></LinearRing></outerBoundaryIs></Polygon>"
38,10000.200195,85,3.163557,10000.200195,559,3.307855,"<Polygon><outerBoundaryIs><LinearRing><coordinates>-111.937032,40.555331,0.0 -111.932570,40.555331,0.0 -111.932570,40.549870,0.0 -111.937032,40.549870,0.0 -111.937032,40.555331,0.0"</coordinates></LinearRing></outerBoundaryIs></Polygon>"
39,10000.200195,18,3.032401,10000.200195,100,3.155441,"<Polygon><outerBoundaryIs><LinearRing><coordinates>-111.909382,40.573388,0.0 -111.907022,40.573388,0.0 -111.907022,40.570856,0.0 -111.909382,40.570856,0.0 -111.909382,40.573388,0.0"</coordinates></LinearRing></outerBoundaryIs></Polygon>"
40,10000.200195,8,3.103610,10000.200195,49,2.994632,"<Polygon><outerBoundaryIs><LinearRing><coordinates>-111.914287,40.612389,0.0 -111.919379,40.612389,0.0 -111.919379,40.616958,0.0 -111.914287,40.616958,0.0 -111.914287,40.612389,0.0"</coordinates></LinearRing></outerBoundaryIs></Polygon>"
41,854.399963,1352,3.232439,854.399963,1701,2.879019,"<Polygon><outerBoundaryIs><LinearRing><coordinates>-111.940727,40.627699,0.0 -111.940727,40.635610,0.0 -111.936325,40.635610,0.0 -111.936325,40.627699,0.0 -111.940727,40.627699,0.0"</coordinates></LinearRing></outerBoundaryIs></Polygon>"
