Unit of output:
,,distance=,miles
,,speed=,mph
,,energy=,1000 joule
,,CO2,NOX,CO,HC,PM,PM2.5=,g
 , , , , , ,network, , , , , , , , , , , , , ,sov, , , , , , , , , , , , , ,hov, , , , , , , , , , , , , ,truck, , , , , , , , , , , , , ,intermodal, , , , , , , , , , , , , ,passenger_car, , , , , , , , , , , , , ,passenger_truck, , , , , , , , , , , , , ,light_commercial, , , , , , , , , , , , , ,single_unit_long_truck, , , , , , , , , , , , , ,combination_long_truck, , , , , , , , , , , , , ,OD1, , , , , , , , , , , , , ,OD2, , , , , , , , , , , , , ,link_48_41_ NB freeway, , , , , , , , , , , , , , , , , , , , ,link_39_44_NB freeway, , , , , , , , , , , , , , , , , , , , ,'Path1_Major freeway route, , , , , , , , , , , , , ,for all demand types, , , , , , , , , , , , , ,critical link list, , , , , , , , , , , , , , , , , , , , ,critical OD list, , , , , , , , , , , , , ,
scenario_no,scenario_name,scenario_data,number_of_iterations,day_no,traffic_flow_model,#_of_vehicles_network,percentage_network,avg_distance_network,avg_travel_time(min)_network,avg_speed_network,avg_toll_cost_network,avg_energy_network,avg_CO2_network,avg_NOX_network,avg_CO_network,avg_HC_network,avg_PM_network,avg_PM2_5_network,avg_MilesPerGallon_network,#_of_vehicles_sov,percentage_sov,avg_distance_sov,avg_travel_time(min)_sov,avg_speed_sov,avg_toll_cost_sov,avg_energy_sov,avg_CO2_sov,avg_NOX_sov,avg_CO_sov,avg_HC_sov,avg_PM_sov,avg_PM2_5_sov,avg_MilesPerGallon_sov,#_of_vehicles_hov,percentage_hov,avg_distance_hov,avg_travel_time(min)_hov,avg_speed_hov,avg_toll_cost_hov,avg_energy_hov,avg_CO2_hov,avg_NOX_hov,avg_CO_hov,avg_HC_hov,avg_PM_hov,avg_PM2_5_hov,avg_MilesPerGallon_hov,#_of_vehicles_truck,percentage_truck,avg_distance_truck,avg_travel_time(min)_truck,avg_speed_truck,avg_toll_cost_truck,avg_energy_truck,avg_CO2_truck,avg_NOX_truck,avg_CO_truck,avg_HC_truck,avg_PM_truck,avg_PM2_5_truck,avg_MilesPerGallon_truck,#_of_vehicles_intermodal,percentage_intermodal,avg_distance_intermodal,avg_travel_time(min)_intermodal,avg_speed_intermodal,avg_toll_cost_intermodal,avg_energy_intermodal,avg_CO2_intermodal,avg_NOX_intermodal,avg_CO_intermodal,avg_HC_intermodal,avg_PM_intermodal,avg_PM2_5_intermodal,avg_MilesPerGallon_intermodal,#_of_vehicles_passenger_car,percentage_passenger_car,avg_distance_passenger_car,avg_travel_time(min)_passenger_car,avg_speed_passenger_car,avg_toll_cost_passenger_car,avg_energy_passenger_car,avg_CO2_passenger_car,avg_NOX_passenger_car,avg_CO_passenger_car,avg_HC_passenger_car,avg_PM_passenger_car,avg_PM2_5_passenger_car,avg_MilesPerGallon_passenger_car,#_of_vehicles_passenger_truck,percentage_passenger_truck,avg_distance_passenger_truck,avg_travel_time(min)_passenger_truck,avg_speed_passenger_truck,avg_toll_cost_passenger_truck,avg_energy_passenger_truck,avg_CO2_passenger_truck,avg_NOX_passenger_truck,avg_CO_passenger_truck,avg_HC_passenger_truck,avg_PM_passenger_truck,avg_PM2_5_passenger_truck,avg_MilesPerGallon_passenger_truck,#_of_vehicles_light_commercial,percentage_light_commercial,avg_distance_light_commercial,avg_travel_time(min)_light_commercial,avg_speed_light_commercial,avg_toll_cost_light_commercial,avg_energy_light_commercial,avg_CO2_light_commercial,avg_NOX_light_commercial,avg_CO_light_commercial,avg_HC_light_commercial,avg_PM_light_commercial,avg_PM2_5_light_commercial,avg_MilesPerGallon_light_commercial,#_of_vehicles_single_unit_long_truck,percentage_single_unit_long_truck,avg_distance_single_unit_long_truck,avg_travel_time(min)_single_unit_long_truck,avg_speed_single_unit_long_truck,avg_toll_cost_single_unit_long_truck,avg_energy_single_unit_long_truck,avg_CO2_single_unit_long_truck,avg_NOX_single_unit_long_truck,avg_CO_single_unit_long_truck,avg_HC_single_unit_long_truck,avg_PM_single_unit_long_truck,avg_PM2_5_single_unit_long_truck,avg_MilesPerGallon_single_unit_long_truck,#_of_vehicles_combination_long_truck,percentage_combination_long_truck,avg_distance_combination_long_truck,avg_travel_time(min)_combination_long_truck,avg_speed_combination_long_truck,avg_toll_cost_combination_long_truck,avg_energy_combination_long_truck,avg_CO2_combination_long_truck,avg_NOX_combination_long_truck,avg_CO_combination_long_truck,avg_HC_combination_long_truck,avg_PM_combination_long_truck,avg_PM2_5_combination_long_truck,avg_MilesPerGallon_combination_long_truck,#_of_vehicles_OD1,percentage_OD1,avg_distance_OD1,avg_travel_time(min)_OD1,avg_speed_OD1,avg_toll_cost_OD1,avg_energy_OD1,avg_CO2_OD1,avg_NOX_OD1,avg_CO_OD1,avg_HC_OD1,avg_PM_OD1,avg_PM2_5_OD1,avg_MilesPerGallon_OD1,#_of_vehicles_OD2,percentage_OD2,avg_distance_OD2,avg_travel_time(min)_OD2,avg_speed_OD2,avg_toll_cost_OD2,avg_energy_OD2,avg_CO2_OD2,avg_NOX_OD2,avg_CO_OD2,avg_HC_OD2,avg_PM_OD2,avg_PM2_5_OD2,avg_MilesPerGallon_OD2,#_of_vehicles_link_48_41_ NB freeway,percentage_link_48_41_ NB freeway,avg_distance_link_48_41_ NB freeway,avg_travel_time(min)_link_48_41_ NB freeway,avg_speed_link_48_41_ NB freeway,avg_toll_cost_link_48_41_ NB freeway,avg_energy_link_48_41_ NB freeway,avg_CO2_link_48_41_ NB freeway,avg_NOX_link_48_41_ NB freeway,avg_CO_link_48_41_ NB freeway,avg_HC_link_48_41_ NB freeway,avg_PM_link_48_41_ NB freeway,avg_PM2_5_link_48_41_ NB freeway,avg_MilesPerGallon_link_48_41_ NB freeway,SOV_volumelink_48_41_ NB freeway,HOV_volumelink_48_41_ NB freeway,Truck_volumelink_48_41_ NB freeway,Intermodal_volumelink_48_41_ NB freeway,number_of_crashes_per_yearlink_48_41_ NB freeway,number_of_fatal_and_injury_crashes_per_yearlink_48_41_ NB freeway,number_of_property_damage_only_crashes_per_yearlink_48_41_ NB freeway,#_of_vehicles_link_39_44_NB freeway,percentage_link_39_44_NB freeway,avg_distance_link_39_44_NB freeway,avg_travel_time(min)_link_39_44_NB freeway,avg_speed_link_39_44_NB freeway,avg_toll_cost_link_39_44_NB freeway,avg_energy_link_39_44_NB freeway,avg_CO2_link_39_44_NB freeway,avg_NOX_link_39_44_NB freeway,avg_CO_link_39_44_NB freeway,avg_HC_link_39_44_NB freeway,avg_PM_link_39_44_NB freeway,avg_PM2_5_link_39_44_NB freeway,avg_MilesPerGallon_link_39_44_NB freeway,SOV_volumelink_39_44_NB freeway,HOV_volumelink_39_44_NB freeway,Truck_volumelink_39_44_NB freeway,Intermodal_volumelink_39_44_NB freeway,number_of_crashes_per_yearlink_39_44_NB freeway,number_of_fatal_and_injury_crashes_per_yearlink_39_44_NB freeway,number_of_property_damage_only_crashes_per_yearlink_39_44_NB freeway,#_of_vehicles_'Path1_Major freeway route,percentage_'Path1_Major freeway route,avg_distance_'Path1_Major freeway route,avg_travel_time(min)_'Path1_Major freeway route,avg_speed_'Path1_Major freeway route,avg_toll_cost_'Path1_Major freeway route,avg_energy_'Path1_Major freeway route,avg_CO2_'Path1_Major freeway route,avg_NOX_'Path1_Major freeway route,avg_CO_'Path1_Major freeway route,avg_HC_'Path1_Major freeway route,avg_PM_'Path1_Major freeway route,avg_PM2_5_'Path1_Major freeway route,avg_MilesPerGallon_'Path1_Major freeway route,#_of_vehicles_for all demand types,percentage_for all demand types,avg_distance_for all demand types,avg_travel_time(min)_for all demand types,avg_speed_for all demand types,avg_toll_cost_for all demand types,avg_energy_for all demand types,avg_CO2_for all demand types,avg_NOX_for all demand types,avg_CO_for all demand types,avg_HC_for all demand types,avg_PM_for all demand types,avg_PM2_5_for all demand types,avg_MilesPerGallon_for all demand types,#_of_vehicles_critical link list,percentage_critical link list,avg_distance_critical link list,avg_travel_time(min)_critical link list,avg_speed_critical link list,avg_toll_cost_critical link list,avg_energy_critical link list,avg_CO2_critical link list,avg_NOX_critical link list,avg_CO_critical link list,avg_HC_critical link list,avg_PM_critical link list,avg_PM2_5_critical link list,avg_MilesPerGallon_critical link list,SOV_volumecritical link list,HOV_volumecritical link list,Truck_volumecritical link list,Intermodal_volumecritical link list,number_of_crashes_per_yearcritical link list,number_of_fatal_and_injury_crashes_per_yearcritical link list,number_of_property_damage_only_crashes_per_yearcritical link list,#_of_vehicles_critical OD list,percentage_critical OD list,avg_distance_critical OD list,avg_travel_time(min)_critical OD list,avg_speed_critical OD list,avg_toll_cost_critical OD list,avg_energy_critical OD list,avg_CO2_critical OD list,avg_NOX_critical OD list,avg_CO_critical OD list,avg_HC_critical OD list,avg_PM_critical OD list,avg_PM2_5_critical OD list,avg_MilesPerGallon_critical OD list,
 , , , ,1, ,25282,2.5282e+06,3.00038,50.7656,3.54616,0,0,0,0,25024.5,0,0,0,0,25282,2.5282e+06,3.00038,50.7656,3.54616,0,0,0,0,25024.5,0,0,0,0,0,0,0,0,0,0,0,0,0,0,0,0,0,0,0,0,0,0,0,0,0,0,0,0,0,0,0,0,0,0,0,0,0,0,0,0,0,0,0,0,0,0,25282,2.5282e+06,3.00038,50.7656,3.54616,0,0,0,0,25024.5,0,0,0,0,0,0,0,0,0,0,0,0,0,0,0,0,0,0,0,0,0,0,0,0,0,0,0,0,0,0,0,0,0,0,0,0,0,0,0,0,0,0,0,0,0,0,0,0,0,0,0,0,0,0,0,0,0,0,0,0,30,3000,1.4541,73.0633,1.19411,0,0,0,0,32425.5,0,0,0,0,31,3100,1.4541,2.6129,33.3905,0,0,0,0,2503.68,0,0,0,0,0,0,1.4541,2.6129,33.3905,0,0,0,0,0,0,0,0,0,0,0,0,0,0,0,0,0,0,1.4541,2.6129,33.3905,0,0,0,0,0,0,0,0,0,0,0,0,0,0,0,0,0,0,0,0,0,0,0,0,0,0,0,0,0,0,0,0,0,0,0,0,0,0,0,0,0,0,0,0,25282,2.5282e+06,3.00038,50.7656,3.54616,0,0,0,0,25024.5,0,0,0,0,0,0,0,0,0,0,0,25282,2.5282e+06,3.00038,50.7656,3.54616,0,0,0,0,25024.5,0,0,0,0,
 , , , ,2, ,25282,2.5282e+06,3.19212,36.9731,5.18018,0,0,0,0,19590.9,0,0,0,0,25282,2.5282e+06,3.19212,36.9731,5.18018,0,0,0,0,19590.9,0,0,0,0,0,0,0,0,0,0,0,0,0,0,0,0,0,0,0,0,0,0,0,0,0,0,0,0,0,0,0,0,0,0,0,0,0,0,0,0,0,0,0,0,0,0,25282,2.5282e+06,3.19212,36.9731,5.18018,0,0,0,0,19590.9,0,0,0,0,0,0,0,0,0,0,0,0,0,0,0,0,0,0,0,0,0,0,0,0,0,0,0,0,0,0,0,0,0,0,0,0,0,0,0,0,0,0,0,0,0,0,0,0,0,0,0,0,0,0,0,0,0,0,0,0,30,3000,1.85262,30.67,3.6243,0,0,0,0,14979.4,0,0,0,0,31,3100,1.4541,5.56774,15.6699,0,0,0,0,3758.66,0,0,0,0,0,0,1.4541,5.56774,15.6699,0,0,0,0,0,0,0,0,0,0,0,0,0,0,0,0,0,0,1.4541,5.56774,15.6699,0,0,0,0,0,0,0,0,0,0,0,0,0,0,0,0,0,0,0,0,0,0,0,0,0,0,0,0,0,0,0,0,0,0,0,0,0,0,0,0,0,0,0,0,25282,2.5282e+06,3.19212,36.9731,5.18018,0,0,0,0,19590.9,0,0,0,0,0,0,0,0,0,0,0,25282,2.5282e+06,3.19212,36.9731,5.18018,0,0,0,0,19590.9,0,0,0,0,
 , , , ,3, ,25282,2.5282e+06,3.32681,33.2926,5.99558,0,0,0,0,18298.3,0,0,0,0,25282,2.5282e+06,3.32681,33.2926,5.99558,0,0,0,0,18298.3,0,0,0,0,0,0,0,0,0,0,0,0,0,0,0,0,0,0,0,0,0,0,0,0,0,0,0,0,0,0,0,0,0,0,0,0,0,0,0,0,0,0,0,0,0,0,25282,2.5282e+06,3.32681,33.2926,5.99558,0,0,0,0,18298.3,0,0,0,0,0,0,0,0,0,0,0,0,0,0,0,0,0,0,0,0,0,0,0,0,0,0,0,0,0,0,0,0,0,0,0,0,0,0,0,0,0,0,0,0,0,0,0,0,0,0,0,0,0,0,0,0,0,0,0,0,30,3000,1.73,15.6233,6.6439,0,0,0,0,8416.66,0,0,0,0,31,3100,1.69143,7.46129,13.6017,0,0,0,0,4895.94,0,0,0,0,0,0,1.69143,7.46129,13.6017,0,0,0,0,0,0,0,0,0,0,0,0,0,0,0,0,0,0,1.69143,7.46129,13.6017,0,0,0,0,0,0,0,0,0,0,0,0,0,0,0,0,0,0,0,0,0,0,0,0,0,0,0,0,0,0,0,0,0,0,0,0,0,0,0,0,0,0,0,0,25282,2.5282e+06,3.32681,33.2926,5.99558,0,0,0,0,18298.3,0,0,0,0,0,0,0,0,0,0,0,25282,2.5282e+06,3.32681,33.2926,5.99558,0,0,0,0,18298.3,0,0,0,0,
 , , , ,4, ,25282,2.5282e+06,3.32248,28.7245,6.94002,0,0,0,0,16398.8,0,0,0,0,25282,2.5282e+06,3.32248,28.7245,6.94002,0,0,0,0,16398.8,0,0,0,0,0,0,0,0,0,0,0,0,0,0,0,0,0,0,0,0,0,0,0,0,0,0,0,0,0,0,0,0,0,0,0,0,0,0,0,0,0,0,0,0,0,0,25282,2.5282e+06,3.32248,28.7245,6.94002,0,0,0,0,16398.8,0,0,0,0,0,0,0,0,0,0,0,0,0,0,0,0,0,0,0,0,0,0,0,0,0,0,0,0,0,0,0,0,0,0,0,0,0,0,0,0,0,0,0,0,0,0,0,0,0,0,0,0,0,0,0,0,0,0,0,0,30,3000,1.71105,15.7,6.53903,0,0,0,0,8454.33,0,0,0,0,31,3100,1.77342,6.30645,16.8724,0,0,0,0,4581.87,0,0,0,0,0,0,1.77342,6.30645,16.8724,0,0,0,0,0,0,0,0,0,0,0,0,0,0,0,0,0,0,1.77342,6.30645,16.8724,0,0,0,0,0,0,0,0,0,0,0,0,0,0,0,0,0,0,0,0,0,0,0,0,0,0,0,0,0,0,0,0,0,0,0,0,0,0,0,0,0,0,0,0,25282,2.5282e+06,3.32248,28.7245,6.94002,0,0,0,0,16398.8,0,0,0,0,0,0,0,0,0,0,0,25282,2.5282e+06,3.32248,28.7245,6.94002,0,0,0,0,16398.8,0,0,0,0,
 , , , ,5, ,25282,2.5282e+06,3.32741,28.6579,6.96648,0,0,0,0,16385.7,0,0,0,0,25282,2.5282e+06,3.32741,28.6579,6.96648,0,0,0,0,16385.7,0,0,0,0,0,0,0,0,0,0,0,0,0,0,0,0,0,0,0,0,0,0,0,0,0,0,0,0,0,0,0,0,0,0,0,0,0,0,0,0,0,0,0,0,0,0,25282,2.5282e+06,3.32741,28.6579,6.96648,0,0,0,0,16385.7,0,0,0,0,0,0,0,0,0,0,0,0,0,0,0,0,0,0,0,0,0,0,0,0,0,0,0,0,0,0,0,0,0,0,0,0,0,0,0,0,0,0,0,0,0,0,0,0,0,0,0,0,0,0,0,0,0,0,0,0,30,3000,1.65921,14.8033,6.72502,0,0,0,0,7984.9,0,0,0,0,31,3100,1.80322,4.78387,22.6162,0,0,0,0,4084.75,0,0,0,0,0,0,1.80322,4.78387,22.6162,0,0,0,0,0,0,0,0,0,0,0,0,0,0,0,0,0,0,1.80322,4.78387,22.6162,0,0,0,0,0,0,0,0,0,0,0,0,0,0,0,0,0,0,0,0,0,0,0,0,0,0,0,0,0,0,0,0,0,0,0,0,0,0,0,0,0,0,0,0,25282,2.5282e+06,3.32741,28.6579,6.96648,0,0,0,0,16385.7,0,0,0,0,0,0,0,0,0,0,0,25282,2.5282e+06,3.32741,28.6579,6.96648,0,0,0,0,16385.7,0,0,0,0,
 , , , ,6, ,25282,2.5282e+06,3.36904,27.8648,7.25441,0,0,0,0,16134.9,0,0,0,0,25282,2.5282e+06,3.36904,27.8648,7.25441,0,0,0,0,16134.9,0,0,0,0,0,0,0,0,0,0,0,0,0,0,0,0,0,0,0,0,0,0,0,0,0,0,0,0,0,0,0,0,0,0,0,0,0,0,0,0,0,0,0,0,0,0,25282,2.5282e+06,3.36904,27.8648,7.25441,0,0,0,0,16134.9,0,0,0,0,0,0,0,0,0,0,0,0,0,0,0,0,0,0,0,0,0,0,0,0,0,0,0,0,0,0,0,0,0,0,0,0,0,0,0,0,0,0,0,0,0,0,0,0,0,0,0,0,0,0,0,0,0,0,0,0,30,3000,1.62856,14.53,6.72494,0,0,0,0,7825.79,0,0,0,0,31,3100,1.78674,5.50967,19.4575,0,0,0,0,4353.25,0,0,0,0,0,0,1.78674,5.50967,19.4575,0,0,0,0,0,0,0,0,0,0,0,0,0,0,0,0,0,0,1.78674,5.50967,19.4575,0,0,0,0,0,0,0,0,0,0,0,0,0,0,0,0,0,0,0,0,0,0,0,0,0,0,0,0,0,0,0,0,0,0,0,0,0,0,0,0,0,0,0,0,25282,2.5282e+06,3.36904,27.8648,7.25441,0,0,0,0,16134.9,0,0,0,0,0,0,0,0,0,0,0,25282,2.5282e+06,3.36904,27.8648,7.25441,0,0,0,0,16134.9,0,0,0,0,
 , , , ,7, ,25282,2.5282e+06,3.3556,26.4038,7.62527,0,0,0,0,15498.6,0,0,0,0,25282,2.5282e+06,3.3556,26.4038,7.62527,0,0,0,0,15498.6,0,0,0,0,0,0,0,0,0,0,0,0,0,0,0,0,0,0,0,0,0,0,0,0,0,0,0,0,0,0,0,0,0,0,0,0,0,0,0,0,0,0,0,0,0,0,25282,2.5282e+06,3.3556,26.4038,7.62527,0,0,0,0,15498.6,0,0,0,0,0,0,0,0,0,0,0,0,0,0,0,0,0,0,0,0,0,0,0,0,0,0,0,0,0,0,0,0,0,0,0,0,0,0,0,0,0,0,0,0,0,0,0,0,0,0,0,0,0,0,0,0,0,0,0,0,30,3000,1.5979,15.64,6.13006,0,0,0,0,8254.22,0,0,0,0,31,3100,1.78674,4.81291,22.2743,0,0,0,0,4057.32,0,0,0,0,0,0,1.78674,4.81291,22.2743,0,0,0,0,0,0,0,0,0,0,0,0,0,0,0,0,0,0,1.78674,4.81291,22.2743,0,0,0,0,0,0,0,0,0,0,0,0,0,0,0,0,0,0,0,0,0,0,0,0,0,0,0,0,0,0,0,0,0,0,0,0,0,0,0,0,0,0,0,0,25282,2.5282e+06,3.3556,26.4038,7.62527,0,0,0,0,15498.6,0,0,0,0,0,0,0,0,0,0,0,25282,2.5282e+06,3.3556,26.4038,7.62527,0,0,0,0,15498.6,0,0,0,0,
 , , , ,8, ,25282,2.5282e+06,3.33931,26.1948,7.64879,0,0,0,0,15391.7,0,0,0,0,25282,2.5282e+06,3.33931,26.1948,7.64879,0,0,0,0,15391.7,0,0,0,0,0,0,0,0,0,0,0,0,0,0,0,0,0,0,0,0,0,0,0,0,0,0,0,0,0,0,0,0,0,0,0,0,0,0,0,0,0,0,0,0,0,0,25282,2.5282e+06,3.33931,26.1948,7.64879,0,0,0,0,15391.7,0,0,0,0,0,0,0,0,0,0,0,0,0,0,0,0,0,0,0,0,0,0,0,0,0,0,0,0,0,0,0,0,0,0,0,0,0,0,0,0,0,0,0,0,0,0,0,0,0,0,0,0,0,0,0,0,0,0,0,0,30,3000,1.58798,14.3267,6.65045,0,0,0,0,7707.7,0,0,0,0,31,3100,1.76667,5.29356,20.0244,0,0,0,0,4208.92,0,0,0,0,0,0,1.76667,5.29356,20.0244,0,0,0,0,0,0,0,0,0,0,0,0,0,0,0,0,0,0,1.76667,5.29356,20.0244,0,0,0,0,0,0,0,0,0,0,0,0,0,0,0,0,0,0,0,0,0,0,0,0,0,0,0,0,0,0,0,0,0,0,0,0,0,0,0,0,0,0,0,0,25282,2.5282e+06,3.33931,26.1948,7.64879,0,0,0,0,15391.7,0,0,0,0,0,0,0,0,0,0,0,25282,2.5282e+06,3.33931,26.1948,7.64879,0,0,0,0,15391.7,0,0,0,0,
 , , , ,9, ,25282,2.5282e+06,3.32313,25.9362,7.68762,0,0,0,0,15263.7,0,0,0,0,25282,2.5282e+06,3.32313,25.9362,7.68762,0,0,0,0,15263.7,0,0,0,0,0,0,0,0,0,0,0,0,0,0,0,0,0,0,0,0,0,0,0,0,0,0,0,0,0,0,0,0,0,0,0,0,0,0,0,0,0,0,0,0,0,0,25282,2.5282e+06,3.32313,25.9362,7.68762,0,0,0,0,15263.7,0,0,0,0,0,0,0,0,0,0,0,0,0,0,0,0,0,0,0,0,0,0,0,0,0,0,0,0,0,0,0,0,0,0,0,0,0,0,0,0,0,0,0,0,0,0,0,0,0,0,0,0,0,0,0,0,0,0,0,0,30,3000,1.58798,14.2667,6.67841,0,0,0,0,7682.22,0,0,0,0,31,3100,1.78717,6.26452,17.1171,0,0,0,0,4665.41,0,0,0,0,0,0,1.78717,6.26452,17.1171,0,0,0,0,0,0,0,0,0,0,0,0,0,0,0,0,0,0,1.78717,6.26452,17.1171,0,0,0,0,0,0,0,0,0,0,0,0,0,0,0,0,0,0,0,0,0,0,0,0,0,0,0,0,0,0,0,0,0,0,0,0,0,0,0,0,0,0,0,0,25282,2.5282e+06,3.32313,25.9362,7.68762,0,0,0,0,15263.7,0,0,0,0,0,0,0,0,0,0,0,25282,2.5282e+06,3.32313,25.9362,7.68762,0,0,0,0,15263.7,0,0,0,0,
 , , , ,10, ,25282,2.5282e+06,3.3099,25.5039,7.78681,0,0,0,0,15059.2,0,0,0,0,25282,2.5282e+06,3.3099,25.5039,7.78681,0,0,0,0,15059.2,0,0,0,0,0,0,0,0,0,0,0,0,0,0,0,0,0,0,0,0,0,0,0,0,0,0,0,0,0,0,0,0,0,0,0,0,0,0,0,0,0,0,0,0,0,0,25282,2.5282e+06,3.3099,25.5039,7.78681,0,0,0,0,15059.2,0,0,0,0,0,0,0,0,0,0,0,0,0,0,0,0,0,0,0,0,0,0,0,0,0,0,0,0,0,0,0,0,0,0,0,0,0,0,0,0,0,0,0,0,0,0,0,0,0,0,0,0,0,0,0,0,0,0,0,0,30,3000,1.58798,14.5867,6.53191,0,0,0,0,7818.12,0,0,0,0,31,3100,1.74661,5.50323,19.0427,0,0,0,0,4245.42,0,0,0,0,0,0,1.74661,5.50323,19.0427,0,0,0,0,0,0,0,0,0,0,0,0,0,0,0,0,0,0,1.74661,5.50323,19.0427,0,0,0,0,0,0,0,0,0,0,0,0,0,0,0,0,0,0,0,0,0,0,0,0,0,0,0,0,0,0,0,0,0,0,0,0,0,0,0,0,0,0,0,0,25282,2.5282e+06,3.3099,25.5039,7.78681,0,0,0,0,15059.2,0,0,0,0,0,0,0,0,0,0,0,25282,2.5282e+06,3.3099,25.5039,7.78681,0,0,0,0,15059.2,0,0,0,0,
 , , , ,11, ,25282,2.5282e+06,3.29704,25.2322,7.84006,0,0,0,0,14923.7,0,0,0,0,25282,2.5282e+06,3.29704,25.2322,7.84006,0,0,0,0,14923.7,0,0,0,0,0,0,0,0,0,0,0,0,0,0,0,0,0,0,0,0,0,0,0,0,0,0,0,0,0,0,0,0,0,0,0,0,0,0,0,0,0,0,0,0,0,0,25282,2.5282e+06,3.29704,25.2322,7.84006,0,0,0,0,14923.7,0,0,0,0,0,0,0,0,0,0,0,0,0,0,0,0,0,0,0,0,0,0,0,0,0,0,0,0,0,0,0,0,0,0,0,0,0,0,0,0,0,0,0,0,0,0,0,0,0,0,0,0,0,0,0,0,0,0,0,0,30,3000,1.5785,14.5033,6.53024,0,0,0,0,7785.28,0,0,0,0,31,3100,1.71694,4.86773,21.1631,0,0,0,0,3933.88,0,0,0,0,0,0,1.71694,4.86773,21.1631,0,0,0,0,0,0,0,0,0,0,0,0,0,0,0,0,0,0,1.71694,4.86773,21.1631,0,0,0,0,0,0,0,0,0,0,0,0,0,0,0,0,0,0,0,0,0,0,0,0,0,0,0,0,0,0,0,0,0,0,0,0,0,0,0,0,0,0,0,0,25282,2.5282e+06,3.29704,25.2322,7.84006,0,0,0,0,14923.7,0,0,0,0,0,0,0,0,0,0,0,25282,2.5282e+06,3.29704,25.2322,7.84006,0,0,0,0,14923.7,0,0,0,0,
 , , , ,12, ,25282,2.5282e+06,3.28784,25.1911,7.83094,0,0,0,0,14895.1,0,0,0,0,25282,2.5282e+06,3.28784,25.1911,7.83094,0,0,0,0,14895.1,0,0,0,0,0,0,0,0,0,0,0,0,0,0,0,0,0,0,0,0,0,0,0,0,0,0,0,0,0,0,0,0,0,0,0,0,0,0,0,0,0,0,0,0,0,0,25282,2.5282e+06,3.28784,25.1911,7.83094,0,0,0,0,14895.1,0,0,0,0,0,0,0,0,0,0,0,0,0,0,0,0,0,0,0,0,0,0,0,0,0,0,0,0,0,0,0,0,0,0,0,0,0,0,0,0,0,0,0,0,0,0,0,0,0,0,0,0,0,0,0,0,0,0,0,0,30,3000,1.5785,14.3533,6.59849,0,0,0,0,7721.58,0,0,0,0,31,3100,1.71694,4.7871,21.5196,0,0,0,0,3899.63,0,0,0,0,0,0,1.71694,4.7871,21.5196,0,0,0,0,0,0,0,0,0,0,0,0,0,0,0,0,0,0,1.71694,4.7871,21.5196,0,0,0,0,0,0,0,0,0,0,0,0,0,0,0,0,0,0,0,0,0,0,0,0,0,0,0,0,0,0,0,0,0,0,0,0,0,0,0,0,0,0,0,0,25282,2.5282e+06,3.28784,25.1911,7.83094,0,0,0,0,14895.1,0,0,0,0,0,0,0,0,0,0,0,25282,2.5282e+06,3.28784,25.1911,7.83094,0,0,0,0,14895.1,0,0,0,0,
 , , , ,13, ,25282,2.5282e+06,3.28373,25.0801,7.85579,0,0,0,0,14831.6,0,0,0,0,25282,2.5282e+06,3.28373,25.0801,7.85579,0,0,0,0,14831.6,0,0,0,0,0,0,0,0,0,0,0,0,0,0,0,0,0,0,0,0,0,0,0,0,0,0,0,0,0,0,0,0,0,0,0,0,0,0,0,0,0,0,0,0,0,0,25282,2.5282e+06,3.28373,25.0801,7.85579,0,0,0,0,14831.6,0,0,0,0,0,0,0,0,0,0,0,0,0,0,0,0,0,0,0,0,0,0,0,0,0,0,0,0,0,0,0,0,0,0,0,0,0,0,0,0,0,0,0,0,0,0,0,0,0,0,0,0,0,0,0,0,0,0,0,0,30,3000,1.5785,14.3867,6.58319,0,0,0,0,7735.73,0,0,0,0,31,3100,1.68728,4.59677,22.0234,0,0,0,0,3777.16,0,0,0,0,0,0,1.68728,4.59677,22.0234,0,0,0,0,0,0,0,0,0,0,0,0,0,0,0,0,0,0,1.68728,4.59677,22.0234,0,0,0,0,0,0,0,0,0,0,0,0,0,0,0,0,0,0,0,0,0,0,0,0,0,0,0,0,0,0,0,0,0,0,0,0,0,0,0,0,0,0,0,0,25282,2.5282e+06,3.28373,25.0801,7.85579,0,0,0,0,14831.6,0,0,0,0,0,0,0,0,0,0,0,25282,2.5282e+06,3.28373,25.0801,7.85579,0,0,0,0,14831.6,0,0,0,0,
 , , , ,14, ,25282,2.5282e+06,3.27344,25.1022,7.82428,0,0,0,0,14827.7,0,0,0,0,25282,2.5282e+06,3.27344,25.1022,7.82428,0,0,0,0,14827.7,0,0,0,0,0,0,0,0,0,0,0,0,0,0,0,0,0,0,0,0,0,0,0,0,0,0,0,0,0,0,0,0,0,0,0,0,0,0,0,0,0,0,0,0,0,0,25282,2.5282e+06,3.27344,25.1022,7.82428,0,0,0,0,14827.7,0,0,0,0,0,0,0,0,0,0,0,0,0,0,0,0,0,0,0,0,0,0,0,0,0,0,0,0,0,0,0,0,0,0,0,0,0,0,0,0,0,0,0,0,0,0,0,0,0,0,0,0,0,0,0,0,0,0,0,0,30,3000,1.5785,14.23,6.65568,0,0,0,0,7669.19,0,0,0,0,31,3100,1.68728,4.28065,23.6498,0,0,0,0,3642.9,0,0,0,0,0,0,1.68728,4.28065,23.6498,0,0,0,0,0,0,0,0,0,0,0,0,0,0,0,0,0,0,1.68728,4.28065,23.6498,0,0,0,0,0,0,0,0,0,0,0,0,0,0,0,0,0,0,0,0,0,0,0,0,0,0,0,0,0,0,0,0,0,0,0,0,0,0,0,0,0,0,0,0,25282,2.5282e+06,3.27344,25.1022,7.82428,0,0,0,0,14827.7,0,0,0,0,0,0,0,0,0,0,0,25282,2.5282e+06,3.27344,25.1022,7.82428,0,0,0,0,14827.7,0,0,0,0,
 , , , ,15, ,25282,2.5282e+06,3.2652,25.0081,7.83392,0,0,0,0,14777.8,0,0,0,0,25282,2.5282e+06,3.2652,25.0081,7.83392,0,0,0,0,14777.8,0,0,0,0,0,0,0,0,0,0,0,0,0,0,0,0,0,0,0,0,0,0,0,0,0,0,0,0,0,0,0,0,0,0,0,0,0,0,0,0,0,0,0,0,0,0,25282,2.5282e+06,3.2652,25.0081,7.83392,0,0,0,0,14777.8,0,0,0,0,0,0,0,0,0,0,0,0,0,0,0,0,0,0,0,0,0,0,0,0,0,0,0,0,0,0,0,0,0,0,0,0,0,0,0,0,0,0,0,0,0,0,0,0,0,0,0,0,0,0,0,0,0,0,0,0,30,3000,1.5785,14.2333,6.65411,0,0,0,0,7670.61,0,0,0,0,31,3100,1.68728,4.20969,24.0485,0,0,0,0,3612.76,0,0,0,0,0,0,1.68728,4.20969,24.0485,0,0,0,0,0,0,0,0,0,0,0,0,0,0,0,0,0,0,1.68728,4.20969,24.0485,0,0,0,0,0,0,0,0,0,0,0,0,0,0,0,0,0,0,0,0,0,0,0,0,0,0,0,0,0,0,0,0,0,0,0,0,0,0,0,0,0,0,0,0,25282,2.5282e+06,3.2652,25.0081,7.83392,0,0,0,0,14777.8,0,0,0,0,0,0,0,0,0,0,0,25282,2.5282e+06,3.2652,25.0081,7.83392,0,0,0,0,14777.8,0,0,0,0,
 , , , ,16, ,25282,2.5282e+06,3.25802,24.7947,7.884,0,0,0,0,14678.9,0,0,0,0,25282,2.5282e+06,3.25802,24.7947,7.884,0,0,0,0,14678.9,0,0,0,0,0,0,0,0,0,0,0,0,0,0,0,0,0,0,0,0,0,0,0,0,0,0,0,0,0,0,0,0,0,0,0,0,0,0,0,0,0,0,0,0,0,0,25282,2.5282e+06,3.25802,24.7947,7.884,0,0,0,0,14678.9,0,0,0,0,0,0,0,0,0,0,0,0,0,0,0,0,0,0,0,0,0,0,0,0,0,0,0,0,0,0,0,0,0,0,0,0,0,0,0,0,0,0,0,0,0,0,0,0,0,0,0,0,0,0,0,0,0,0,0,0,30,3000,1.54785,14.2333,6.52489,0,0,0,0,7627.59,0,0,0,0,31,3100,1.68728,4.20323,24.0854,0,0,0,0,3610.02,0,0,0,0,0,0,1.68728,4.20323,24.0854,0,0,0,0,0,0,0,0,0,0,0,0,0,0,0,0,0,0,1.68728,4.20323,24.0854,0,0,0,0,0,0,0,0,0,0,0,0,0,0,0,0,0,0,0,0,0,0,0,0,0,0,0,0,0,0,0,0,0,0,0,0,0,0,0,0,0,0,0,0,25282,2.5282e+06,3.25802,24.7947,7.884,0,0,0,0,14678.9,0,0,0,0,0,0,0,0,0,0,0,25282,2.5282e+06,3.25802,24.7947,7.884,0,0,0,0,14678.9,0,0,0,0,
 , , , ,17, ,25282,2.5282e+06,3.25358,24.6997,7.90353,0,0,0,0,14630.3,0,0,0,0,25282,2.5282e+06,3.25358,24.6997,7.90353,0,0,0,0,14630.3,0,0,0,0,0,0,0,0,0,0,0,0,0,0,0,0,0,0,0,0,0,0,0,0,0,0,0,0,0,0,0,0,0,0,0,0,0,0,0,0,0,0,0,0,0,0,25282,2.5282e+06,3.25358,24.6997,7.90353,0,0,0,0,14630.3,0,0,0,0,0,0,0,0,0,0,0,0,0,0,0,0,0,0,0,0,0,0,0,0,0,0,0,0,0,0,0,0,0,0,0,0,0,0,0,0,0,0,0,0,0,0,0,0,0,0,0,0,0,0,0,0,0,0,0,0,30,3000,1.54785,14.4433,6.43002,0,0,0,0,7716.78,0,0,0,0,31,3100,1.69086,4.01936,25.2408,0,0,0,0,3544.72,0,0,0,0,0,0,1.69086,4.01936,25.2408,0,0,0,0,0,0,0,0,0,0,0,0,0,0,0,0,0,0,1.69086,4.01936,25.2408,0,0,0,0,0,0,0,0,0,0,0,0,0,0,0,0,0,0,0,0,0,0,0,0,0,0,0,0,0,0,0,0,0,0,0,0,0,0,0,0,0,0,0,0,25282,2.5282e+06,3.25358,24.6997,7.90353,0,0,0,0,14630.3,0,0,0,0,0,0,0,0,0,0,0,25282,2.5282e+06,3.25358,24.6997,7.90353,0,0,0,0,14630.3,0,0,0,0,
 , , , ,18, ,25282,2.5282e+06,3.24799,24.654,7.90457,0,0,0,0,14603.1,0,0,0,0,25282,2.5282e+06,3.24799,24.654,7.90457,0,0,0,0,14603.1,0,0,0,0,0,0,0,0,0,0,0,0,0,0,0,0,0,0,0,0,0,0,0,0,0,0,0,0,0,0,0,0,0,0,0,0,0,0,0,0,0,0,0,0,0,0,25282,2.5282e+06,3.24799,24.654,7.90457,0,0,0,0,14603.1,0,0,0,0,0,0,0,0,0,0,0,0,0,0,0,0,0,0,0,0,0,0,0,0,0,0,0,0,0,0,0,0,0,0,0,0,0,0,0,0,0,0,0,0,0,0,0,0,0,0,0,0,0,0,0,0,0,0,0,0,30,3000,1.54785,14.5633,6.37704,0,0,0,0,7767.75,0,0,0,0,31,3100,1.67037,4.05807,24.697,0,0,0,0,3517.05,0,0,0,0,0,0,1.67037,4.05807,24.697,0,0,0,0,0,0,0,0,0,0,0,0,0,0,0,0,0,0,1.67037,4.05807,24.697,0,0,0,0,0,0,0,0,0,0,0,0,0,0,0,0,0,0,0,0,0,0,0,0,0,0,0,0,0,0,0,0,0,0,0,0,0,0,0,0,0,0,0,0,25282,2.5282e+06,3.24799,24.654,7.90457,0,0,0,0,14603.1,0,0,0,0,0,0,0,0,0,0,0,25282,2.5282e+06,3.24799,24.654,7.90457,0,0,0,0,14603.1,0,0,0,0,
 , , , ,19, ,25282,2.5282e+06,3.24218,24.5476,7.92463,0,0,0,0,14550.1,0,0,0,0,25282,2.5282e+06,3.24218,24.5476,7.92463,0,0,0,0,14550.1,0,0,0,0,0,0,0,0,0,0,0,0,0,0,0,0,0,0,0,0,0,0,0,0,0,0,0,0,0,0,0,0,0,0,0,0,0,0,0,0,0,0,0,0,0,0,25282,2.5282e+06,3.24218,24.5476,7.92463,0,0,0,0,14550.1,0,0,0,0,0,0,0,0,0,0,0,0,0,0,0,0,0,0,0,0,0,0,0,0,0,0,0,0,0,0,0,0,0,0,0,0,0,0,0,0,0,0,0,0,0,0,0,0,0,0,0,0,0,0,0,0,0,0,0,0,30,3000,1.54785,14.58,6.36975,0,0,0,0,7774.83,0,0,0,0,31,3100,1.64987,4.04838,24.4523,0,0,0,0,3468.84,0,0,0,0,0,0,1.64987,4.04838,24.4523,0,0,0,0,0,0,0,0,0,0,0,0,0,0,0,0,0,0,1.64987,4.04838,24.4523,0,0,0,0,0,0,0,0,0,0,0,0,0,0,0,0,0,0,0,0,0,0,0,0,0,0,0,0,0,0,0,0,0,0,0,0,0,0,0,0,0,0,0,0,25282,2.5282e+06,3.24218,24.5476,7.92463,0,0,0,0,14550.1,0,0,0,0,0,0,0,0,0,0,0,25282,2.5282e+06,3.24218,24.5476,7.92463,0,0,0,0,14550.1,0,0,0,0,
 , , , ,20, ,25282,2.5282e+06,3.23718,24.4704,7.93739,0,0,0,0,14508.6,0,0,0,0,25282,2.5282e+06,3.23718,24.4704,7.93739,0,0,0,0,14508.6,0,0,0,0,0,0,0,0,0,0,0,0,0,0,0,0,0,0,0,0,0,0,0,0,0,0,0,0,0,0,0,0,0,0,0,0,0,0,0,0,0,0,0,0,0,0,25282,2.5282e+06,3.23718,24.4704,7.93739,0,0,0,0,14508.6,0,0,0,0,0,0,0,0,0,0,0,0,0,0,0,0,0,0,0,0,0,0,0,0,0,0,0,0,0,0,0,0,0,0,0,0,0,0,0,0,0,0,0,0,0,0,0,0,0,0,0,0,0,0,0,0,0,0,0,0,30,3000,1.54785,14.8167,6.268,0,0,0,0,7875.34,0,0,0,0,31,3100,1.64987,3.88388,25.488,0,0,0,0,3398.97,0,0,0,0,0,0,1.64987,3.88388,25.488,0,0,0,0,0,0,0,0,0,0,0,0,0,0,0,0,0,0,1.64987,3.88388,25.488,0,0,0,0,0,0,0,0,0,0,0,0,0,0,0,0,0,0,0,0,0,0,0,0,0,0,0,0,0,0,0,0,0,0,0,0,0,0,0,0,0,0,0,0,25282,2.5282e+06,3.23718,24.4704,7.93739,0,0,0,0,14508.6,0,0,0,0,0,0,0,0,0,0,0,25282,2.5282e+06,3.23718,24.4704,7.93739,0,0,0,0,14508.6,0,0,0,0,
 , , , ,21, ,17010,1.701e+06,2.76409,6.48367,25.579,0,0,0,0,6232.89,0,0,0,0,17010,1.701e+06,2.76409,6.48367,25.579,0,0,0,0,6232.89,0,0,0,0,0,0,0,0,0,0,0,0,0,0,0,0,0,0,0,0,0,0,0,0,0,0,0,0,0,0,0,0,0,0,0,0,0,0,0,0,0,0,0,0,0,0,17010,1.701e+06,2.76409,6.48367,25.579,0,0,0,0,6232.89,0,0,0,0,0,0,0,0,0,0,0,0,0,0,0,0,0,0,0,0,0,0,0,0,0,0,0,0,0,0,0,0,0,0,0,0,0,0,0,0,0,0,0,0,0,0,0,0,0,0,0,0,0,0,0,0,0,0,0,0,27,2700,1.47763,2.55334,34.7223,0,0,0,0,2529.02,0,0,0,0,50,5000,1.70138,3.01392,33.8705,0,0,0,0,3140.98,0,0,0,0,0,0,1.70138,3.01392,33.8705,0,0,0,0,0,0,0,0,0,0,0,0,0,0,0,0,0,0,1.70138,3.01392,33.8705,0,0,0,0,0,0,0,0,0,0,0,0,0,0,0,0,0,0,0,0,0,0,0,0,0,0,0,0,0,0,0,0,0,0,0,0,0,0,0,0,0,0,0,0,17010,1.701e+06,2.76409,6.48367,25.579,0,0,0,0,6232.89,0,0,0,0,0,0,0,0,0,0,0,17010,1.701e+06,2.76409,6.48367,25.579,0,0,0,0,6232.89,0,0,0,0,
 , , , ,22, ,21659,2.1659e+06,2.95332,17.5131,10.1181,0,0,0,0,11120.7,0,0,0,0,21659,2.1659e+06,2.95332,17.5131,10.1181,0,0,0,0,11120.7,0,0,0,0,0,0,0,0,0,0,0,0,0,0,0,0,0,0,0,0,0,0,0,0,0,0,0,0,0,0,0,0,0,0,0,0,0,0,0,0,0,0,0,0,0,0,21659,2.1659e+06,2.95332,17.5131,10.1181,0,0,0,0,11120.7,0,0,0,0,0,0,0,0,0,0,0,0,0,0,0,0,0,0,0,0,0,0,0,0,0,0,0,0,0,0,0,0,0,0,0,0,0,0,0,0,0,0,0,0,0,0,0,0,0,0,0,0,0,0,0,0,0,0,0,0,33,3300,1.4541,13.3217,6.54917,0,0,0,0,7051.93,0,0,0,0,60,6000,1.75658,4.58995,22.9621,0,0,0,0,3917.47,0,0,0,0,0,0,1.75658,4.58995,22.9621,0,0,0,0,0,0,0,0,0,0,0,0,0,0,0,0,0,0,1.75658,4.58995,22.9621,0,0,0,0,0,0,0,0,0,0,0,0,0,0,0,0,0,0,0,0,0,0,0,0,0,0,0,0,0,0,0,0,0,0,0,0,0,0,0,0,0,0,0,0,21659,2.1659e+06,2.95332,17.5131,10.1181,0,0,0,0,11120.7,0,0,0,0,0,0,0,0,0,0,0,21659,2.1659e+06,2.95332,17.5131,10.1181,0,0,0,0,11120.7,0,0,0,0,
 , , , ,23, ,19291,1.9291e+06,2.78878,8.52873,19.6192,0,0,0,0,7120.5,0,0,0,0,19291,1.9291e+06,2.78878,8.52873,19.6192,0,0,0,0,7120.5,0,0,0,0,0,0,0,0,0,0,0,0,0,0,0,0,0,0,0,0,0,0,0,0,0,0,0,0,0,0,0,0,0,0,0,0,0,0,0,0,0,0,0,0,0,0,19291,1.9291e+06,2.78878,8.52873,19.6192,0,0,0,0,7120.5,0,0,0,0,0,0,0,0,0,0,0,0,0,0,0,0,0,0,0,0,0,0,0,0,0,0,0,0,0,0,0,0,0,0,0,0,0,0,0,0,0,0,0,0,0,0,0,0,0,0,0,0,0,0,0,0,0,0,0,0,33,3300,1.4541,2.95253,29.5495,0,0,0,0,2647.93,0,0,0,0,79,7900,1.76853,3.34403,31.7317,0,0,0,0,3410.34,0,0,0,0,0,0,1.76853,3.34403,31.7317,0,0,0,0,0,0,0,0,0,0,0,0,0,0,0,0,0,0,1.76853,3.34403,31.7317,0,0,0,0,0,0,0,0,0,0,0,0,0,0,0,0,0,0,0,0,0,0,0,0,0,0,0,0,0,0,0,0,0,0,0,0,0,0,0,0,0,0,0,0,19291,1.9291e+06,2.78878,8.52873,19.6192,0,0,0,0,7120.5,0,0,0,0,0,0,0,0,0,0,0,19291,1.9291e+06,2.78878,8.52873,19.6192,0,0,0,0,7120.5,0,0,0,0,
 , , , ,24, ,21963,2.1963e+06,2.83621,14.1241,12.0484,0,0,0,0,9538.3,0,0,0,0,21963,2.1963e+06,2.83621,14.1241,12.0484,0,0,0,0,9538.3,0,0,0,0,0,0,0,0,0,0,0,0,0,0,0,0,0,0,0,0,0,0,0,0,0,0,0,0,0,0,0,0,0,0,0,0,0,0,0,0,0,0,0,0,0,0,21963,2.1963e+06,2.83621,14.1241,12.0484,0,0,0,0,9538.3,0,0,0,0,0,0,0,0,0,0,0,0,0,0,0,0,0,0,0,0,0,0,0,0,0,0,0,0,0,0,0,0,0,0,0,0,0,0,0,0,0,0,0,0,0,0,0,0,0,0,0,0,0,0,0,0,0,0,0,0,39,3900,1.4541,9.59544,9.09245,0,0,0,0,5469.31,0,0,0,0,88,8800,1.80533,5.40281,20.0488,0,0,0,0,4349.01,0,0,0,0,0,0,1.80533,5.40281,20.0488,0,0,0,0,0,0,0,0,0,0,0,0,0,0,0,0,0,0,1.80533,5.40281,20.0488,0,0,0,0,0,0,0,0,0,0,0,0,0,0,0,0,0,0,0,0,0,0,0,0,0,0,0,0,0,0,0,0,0,0,0,0,0,0,0,0,0,0,0,0,21963,2.1963e+06,2.83621,14.1241,12.0484,0,0,0,0,9538.3,0,0,0,0,0,0,0,0,0,0,0,21963,2.1963e+06,2.83621,14.1241,12.0484,0,0,0,0,9538.3,0,0,0,0,
 , , , ,25, ,20948,2.0948e+06,2.7754,10.4026,16.0079,0,0,0,0,7891.61,0,0,0,0,20948,2.0948e+06,2.7754,10.4026,16.0079,0,0,0,0,7891.61,0,0,0,0,0,0,0,0,0,0,0,0,0,0,0,0,0,0,0,0,0,0,0,0,0,0,0,0,0,0,0,0,0,0,0,0,0,0,0,0,0,0,0,0,0,0,20948,2.0948e+06,2.7754,10.4026,16.0079,0,0,0,0,7891.61,0,0,0,0,0,0,0,0,0,0,0,0,0,0,0,0,0,0,0,0,0,0,0,0,0,0,0,0,0,0,0,0,0,0,0,0,0,0,0,0,0,0,0,0,0,0,0,0,0,0,0,0,0,0,0,0,0,0,0,0,37,3700,1.4541,3.86191,22.5914,0,0,0,0,3034.16,0,0,0,0,103,10300,1.81517,4.20023,25.9296,0,0,0,0,3864.31,0,0,0,0,0,0,1.81517,4.20023,25.9296,0,0,0,0,0,0,0,0,0,0,0,0,0,0,0,0,0,0,1.81517,4.20023,25.9296,0,0,0,0,0,0,0,0,0,0,0,0,0,0,0,0,0,0,0,0,0,0,0,0,0,0,0,0,0,0,0,0,0,0,0,0,0,0,0,0,0,0,0,0,20948,2.0948e+06,2.7754,10.4026,16.0079,0,0,0,0,7891.61,0,0,0,0,0,0,0,0,0,0,0,20948,2.0948e+06,2.7754,10.4026,16.0079,0,0,0,0,7891.61,0,0,0,0,
 , , , ,26, ,22357,2.2357e+06,2.81553,13.3684,12.6366,0,0,0,0,9187.78,0,0,0,0,22357,2.2357e+06,2.81553,13.3684,12.6366,0,0,0,0,9187.78,0,0,0,0,0,0,0,0,0,0,0,0,0,0,0,0,0,0,0,0,0,0,0,0,0,0,0,0,0,0,0,0,0,0,0,0,0,0,0,0,0,0,0,0,0,0,22357,2.2357e+06,2.81553,13.3684,12.6366,0,0,0,0,9187.78,0,0,0,0,0,0,0,0,0,0,0,0,0,0,0,0,0,0,0,0,0,0,0,0,0,0,0,0,0,0,0,0,0,0,0,0,0,0,0,0,0,0,0,0,0,0,0,0,0,0,0,0,0,0,0,0,0,0,0,0,42,4200,1.4541,9.02964,9.66218,0,0,0,0,5229.01,0,0,0,0,114,11400,1.83902,5.61451,19.6529,0,0,0,0,4509.71,0,0,0,0,0,0,1.83902,5.61451,19.6529,0,0,0,0,0,0,0,0,0,0,0,0,0,0,0,0,0,0,1.83902,5.61451,19.6529,0,0,0,0,0,0,0,0,0,0,0,0,0,0,0,0,0,0,0,0,0,0,0,0,0,0,0,0,0,0,0,0,0,0,0,0,0,0,0,0,0,0,0,0,22357,2.2357e+06,2.81553,13.3684,12.6366,0,0,0,0,9187.78,0,0,0,0,0,0,0,0,0,0,0,22357,2.2357e+06,2.81553,13.3684,12.6366,0,0,0,0,9187.78,0,0,0,0,
 , , , ,27, ,21706,2.1706e+06,2.77464,11.7172,14.2081,0,0,0,0,8437.08,0,0,0,0,21706,2.1706e+06,2.77464,11.7172,14.2081,0,0,0,0,8437.08,0,0,0,0,0,0,0,0,0,0,0,0,0,0,0,0,0,0,0,0,0,0,0,0,0,0,0,0,0,0,0,0,0,0,0,0,0,0,0,0,0,0,0,0,0,0,21706,2.1706e+06,2.77464,11.7172,14.2081,0,0,0,0,8437.08,0,0,0,0,0,0,0,0,0,0,0,0,0,0,0,0,0,0,0,0,0,0,0,0,0,0,0,0,0,0,0,0,0,0,0,0,0,0,0,0,0,0,0,0,0,0,0,0,0,0,0,0,0,0,0,0,0,0,0,0,32,3200,1.4541,3.98623,21.8868,0,0,0,0,3086.96,0,0,0,0,127,12700,1.8182,6.40126,17.0423,0,0,0,0,4770.63,0,0,0,0,0,0,1.8182,6.40126,17.0423,0,0,0,0,0,0,0,0,0,0,0,0,0,0,0,0,0,0,1.8182,6.40126,17.0423,0,0,0,0,0,0,0,0,0,0,0,0,0,0,0,0,0,0,0,0,0,0,0,0,0,0,0,0,0,0,0,0,0,0,0,0,0,0,0,0,0,0,0,0,21706,2.1706e+06,2.77464,11.7172,14.2081,0,0,0,0,8437.08,0,0,0,0,0,0,0,0,0,0,0,21706,2.1706e+06,2.77464,11.7172,14.2081,0,0,0,0,8437.08,0,0,0,0,
 , , , ,28, ,21930,2.193e+06,2.74057,11.523,14.2701,0,0,0,0,8307.86,0,0,0,0,21930,2.193e+06,2.74057,11.523,14.2701,0,0,0,0,8307.86,0,0,0,0,0,0,0,0,0,0,0,0,0,0,0,0,0,0,0,0,0,0,0,0,0,0,0,0,0,0,0,0,0,0,0,0,0,0,0,0,0,0,0,0,0,0,21930,2.193e+06,2.74057,11.523,14.2701,0,0,0,0,8307.86,0,0,0,0,0,0,0,0,0,0,0,0,0,0,0,0,0,0,0,0,0,0,0,0,0,0,0,0,0,0,0,0,0,0,0,0,0,0,0,0,0,0,0,0,0,0,0,0,0,0,0,0,0,0,0,0,0,0,0,0,40,4000,1.4541,7.61102,11.4631,0,0,0,0,4626.48,0,0,0,0,140,14000,1.83431,5.11345,21.5234,0,0,0,0,4250.51,0,0,0,0,0,0,1.83431,5.11345,21.5234,0,0,0,0,0,0,0,0,0,0,0,0,0,0,0,0,0,0,1.83431,5.11345,21.5234,0,0,0,0,0,0,0,0,0,0,0,0,0,0,0,0,0,0,0,0,0,0,0,0,0,0,0,0,0,0,0,0,0,0,0,0,0,0,0,0,0,0,0,0,21930,2.193e+06,2.74057,11.523,14.2701,0,0,0,0,8307.86,0,0,0,0,0,0,0,0,0,0,0,21930,2.193e+06,2.74057,11.523,14.2701,0,0,0,0,8307.86,0,0,0,0,
 , , , ,29, ,22172,2.2172e+06,2.73379,12.3658,13.2646,0,0,0,0,8650.81,0,0,0,0,22172,2.2172e+06,2.73379,12.3658,13.2646,0,0,0,0,8650.81,0,0,0,0,0,0,0,0,0,0,0,0,0,0,0,0,0,0,0,0,0,0,0,0,0,0,0,0,0,0,0,0,0,0,0,0,0,0,0,0,0,0,0,0,0,0,22172,2.2172e+06,2.73379,12.3658,13.2646,0,0,0,0,8650.81,0,0,0,0,0,0,0,0,0,0,0,0,0,0,0,0,0,0,0,0,0,0,0,0,0,0,0,0,0,0,0,0,0,0,0,0,0,0,0,0,0,0,0,0,0,0,0,0,0,0,0,0,0,0,0,0,0,0,0,0,41,4100,1.4541,3.84265,22.7046,0,0,0,0,3025.98,0,0,0,0,149,14900,1.85207,7.36483,15.0885,0,0,0,0,5239.31,0,0,0,0,0,0,1.85207,7.36483,15.0885,0,0,0,0,0,0,0,0,0,0,0,0,0,0,0,0,0,0,1.85207,7.36483,15.0885,0,0,0,0,0,0,0,0,0,0,0,0,0,0,0,0,0,0,0,0,0,0,0,0,0,0,0,0,0,0,0,0,0,0,0,0,0,0,0,0,0,0,0,0,22172,2.2172e+06,2.73379,12.3658,13.2646,0,0,0,0,8650.81,0,0,0,0,0,0,0,0,0,0,0,22172,2.2172e+06,2.73379,12.3658,13.2646,0,0,0,0,8650.81,0,0,0,0,
 , , , ,30, ,22420,2.242e+06,2.73158,12.1616,13.4764,0,0,0,0,8573.4,0,0,0,0,22420,2.242e+06,2.73158,12.1616,13.4764,0,0,0,0,8573.4,0,0,0,0,0,0,0,0,0,0,0,0,0,0,0,0,0,0,0,0,0,0,0,0,0,0,0,0,0,0,0,0,0,0,0,0,0,0,0,0,0,0,0,0,0,0,22420,2.242e+06,2.73158,12.1616,13.4764,0,0,0,0,8573.4,0,0,0,0,0,0,0,0,0,0,0,0,0,0,0,0,0,0,0,0,0,0,0,0,0,0,0,0,0,0,0,0,0,0,0,0,0,0,0,0,0,0,0,0,0,0,0,0,0,0,0,0,0,0,0,0,0,0,0,0,45,4500,1.4541,7.42078,11.757,0,0,0,0,4545.69,0,0,0,0,148,14800,1.88013,5.90913,19.0904,0,0,0,0,4672.25,0,0,0,0,0,0,1.88013,5.90913,19.0904,0,0,0,0,0,0,0,0,0,0,0,0,0,0,0,0,0,0,1.88013,5.90913,19.0904,0,0,0,0,0,0,0,0,0,0,0,0,0,0,0,0,0,0,0,0,0,0,0,0,0,0,0,0,0,0,0,0,0,0,0,0,0,0,0,0,0,0,0,0,22420,2.242e+06,2.73158,12.1616,13.4764,0,0,0,0,8573.4,0,0,0,0,0,0,0,0,0,0,0,22420,2.242e+06,2.73158,12.1616,13.4764,0,0,0,0,8573.4,0,0,0,0,
 , , , ,31, ,22063,2.2063e+06,2.69853,12.0068,13.4851,0,0,0,0,8460.8,0,0,0,0,22063,2.2063e+06,2.69853,12.0068,13.4851,0,0,0,0,8460.8,0,0,0,0,0,0,0,0,0,0,0,0,0,0,0,0,0,0,0,0,0,0,0,0,0,0,0,0,0,0,0,0,0,0,0,0,0,0,0,0,0,0,0,0,0,0,22063,2.2063e+06,2.69853,12.0068,13.4851,0,0,0,0,8460.8,0,0,0,0,0,0,0,0,0,0,0,0,0,0,0,0,0,0,0,0,0,0,0,0,0,0,0,0,0,0,0,0,0,0,0,0,0,0,0,0,0,0,0,0,0,0,0,0,0,0,0,0,0,0,0,0,0,0,0,0,40,4000,1.4541,4.13162,21.1167,0,0,0,0,3148.71,0,0,0,0,154,15400,1.88217,6.63571,17.0185,0,0,0,0,4960.24,0,0,0,0,0,0,1.88217,6.63571,17.0185,0,0,0,0,0,0,0,0,0,0,0,0,0,0,0,0,0,0,1.88217,6.63571,17.0185,0,0,0,0,0,0,0,0,0,0,0,0,0,0,0,0,0,0,0,0,0,0,0,0,0,0,0,0,0,0,0,0,0,0,0,0,0,0,0,0,0,0,0,0,22063,2.2063e+06,2.69853,12.0068,13.4851,0,0,0,0,8460.8,0,0,0,0,0,0,0,0,0,0,0,22063,2.2063e+06,2.69853,12.0068,13.4851,0,0,0,0,8460.8,0,0,0,0,
 , , , ,32, ,22522,2.2522e+06,2.71655,12.5997,12.9363,0,0,0,0,8744.29,0,0,0,0,22522,2.2522e+06,2.71655,12.5997,12.9363,0,0,0,0,8744.29,0,0,0,0,0,0,0,0,0,0,0,0,0,0,0,0,0,0,0,0,0,0,0,0,0,0,0,0,0,0,0,0,0,0,0,0,0,0,0,0,0,0,0,0,0,0,22522,2.2522e+06,2.71655,12.5997,12.9363,0,0,0,0,8744.29,0,0,0,0,0,0,0,0,0,0,0,0,0,0,0,0,0,0,0,0,0,0,0,0,0,0,0,0,0,0,0,0,0,0,0,0,0,0,0,0,0,0,0,0,0,0,0,0,0,0,0,0,0,0,0,0,0,0,0,0,44,4400,1.4541,7.51692,11.6066,0,0,0,0,4586.52,0,0,0,0,146,14600,1.91871,5.91521,19.4621,0,0,0,0,4701.61,0,0,0,0,0,0,1.91871,5.91521,19.4621,0,0,0,0,0,0,0,0,0,0,0,0,0,0,0,0,0,0,1.91871,5.91521,19.4621,0,0,0,0,0,0,0,0,0,0,0,0,0,0,0,0,0,0,0,0,0,0,0,0,0,0,0,0,0,0,0,0,0,0,0,0,0,0,0,0,0,0,0,0,22522,2.2522e+06,2.71655,12.5997,12.9363,0,0,0,0,8744.29,0,0,0,0,0,0,0,0,0,0,0,22522,2.2522e+06,2.71655,12.5997,12.9363,0,0,0,0,8744.29,0,0,0,0,
 , , , ,33, ,21883,2.1883e+06,2.68181,11.5185,13.9696,0,0,0,0,8226.15,0,0,0,0,21883,2.1883e+06,2.68181,11.5185,13.9696,0,0,0,0,8226.15,0,0,0,0,0,0,0,0,0,0,0,0,0,0,0,0,0,0,0,0,0,0,0,0,0,0,0,0,0,0,0,0,0,0,0,0,0,0,0,0,0,0,0,0,0,0,21883,2.1883e+06,2.68181,11.5185,13.9696,0,0,0,0,8226.15,0,0,0,0,0,0,0,0,0,0,0,0,0,0,0,0,0,0,0,0,0,0,0,0,0,0,0,0,0,0,0,0,0,0,0,0,0,0,0,0,0,0,0,0,0,0,0,0,0,0,0,0,0,0,0,0,0,0,0,0,40,4000,1.4541,4.77172,18.284,0,0,0,0,3420.57,0,0,0,0,156,15600,1.91131,6.02756,19.0257,0,0,0,0,4718.01,0,0,0,0,0,0,1.91131,6.02756,19.0257,0,0,0,0,0,0,0,0,0,0,0,0,0,0,0,0,0,0,1.91131,6.02756,19.0257,0,0,0,0,0,0,0,0,0,0,0,0,0,0,0,0,0,0,0,0,0,0,0,0,0,0,0,0,0,0,0,0,0,0,0,0,0,0,0,0,0,0,0,0,21883,2.1883e+06,2.68181,11.5185,13.9696,0,0,0,0,8226.15,0,0,0,0,0,0,0,0,0,0,0,21883,2.1883e+06,2.68181,11.5185,13.9696,0,0,0,0,8226.15,0,0,0,0,
 , , , ,34, ,22738,2.2738e+06,2.69738,12.7152,12.7283,0,0,0,0,8764.08,0,0,0,0,22738,2.2738e+06,2.69738,12.7152,12.7283,0,0,0,0,8764.08,0,0,0,0,0,0,0,0,0,0,0,0,0,0,0,0,0,0,0,0,0,0,0,0,0,0,0,0,0,0,0,0,0,0,0,0,0,0,0,0,0,0,0,0,0,0,22738,2.2738e+06,2.69738,12.7152,12.7283,0,0,0,0,8764.08,0,0,0,0,0,0,0,0,0,0,0,0,0,0,0,0,0,0,0,0,0,0,0,0,0,0,0,0,0,0,0,0,0,0,0,0,0,0,0,0,0,0,0,0,0,0,0,0,0,0,0,0,0,0,0,0,0,0,0,0,45,4500,1.4541,7.57773,11.5135,0,0,0,0,4612.35,0,0,0,0,174,17400,1.90247,6.92885,16.4743,0,0,0,0,5094.46,0,0,0,0,0,0,1.90247,6.92885,16.4743,0,0,0,0,0,0,0,0,0,0,0,0,0,0,0,0,0,0,1.90247,6.92885,16.4743,0,0,0,0,0,0,0,0,0,0,0,0,0,0,0,0,0,0,0,0,0,0,0,0,0,0,0,0,0,0,0,0,0,0,0,0,0,0,0,0,0,0,0,0,22738,2.2738e+06,2.69738,12.7152,12.7283,0,0,0,0,8764.08,0,0,0,0,0,0,0,0,0,0,0,22738,2.2738e+06,2.69738,12.7152,12.7283,0,0,0,0,8764.08,0,0,0,0,
 , , , ,35, ,22097,2.2097e+06,2.67122,11.9135,13.4531,0,0,0,0,8384.92,0,0,0,0,22097,2.2097e+06,2.67122,11.9135,13.4531,0,0,0,0,8384.92,0,0,0,0,0,0,0,0,0,0,0,0,0,0,0,0,0,0,0,0,0,0,0,0,0,0,0,0,0,0,0,0,0,0,0,0,0,0,0,0,0,0,0,0,0,0,22097,2.2097e+06,2.67122,11.9135,13.4531,0,0,0,0,8384.92,0,0,0,0,0,0,0,0,0,0,0,0,0,0,0,0,0,0,0,0,0,0,0,0,0,0,0,0,0,0,0,0,0,0,0,0,0,0,0,0,0,0,0,0,0,0,0,0,0,0,0,0,0,0,0,0,0,0,0,0,44,4400,1.4541,4.93277,17.687,0,0,0,0,3488.98,0,0,0,0,166,16600,1.88727,7.09424,15.9617,0,0,0,0,5122.52,0,0,0,0,0,0,1.88727,7.09424,15.9617,0,0,0,0,0,0,0,0,0,0,0,0,0,0,0,0,0,0,1.88727,7.09424,15.9617,0,0,0,0,0,0,0,0,0,0,0,0,0,0,0,0,0,0,0,0,0,0,0,0,0,0,0,0,0,0,0,0,0,0,0,0,0,0,0,0,0,0,0,0,22097,2.2097e+06,2.67122,11.9135,13.4531,0,0,0,0,8384.92,0,0,0,0,0,0,0,0,0,0,0,22097,2.2097e+06,2.67122,11.9135,13.4531,0,0,0,0,8384.92,0,0,0,0,
 , , , ,36, ,22610,2.261e+06,2.68049,12.4668,12.9006,0,0,0,0,8632.04,0,0,0,0,22610,2.261e+06,2.68049,12.4668,12.9006,0,0,0,0,8632.04,0,0,0,0,0,0,0,0,0,0,0,0,0,0,0,0,0,0,0,0,0,0,0,0,0,0,0,0,0,0,0,0,0,0,0,0,0,0,0,0,0,0,0,0,0,0,22610,2.261e+06,2.68049,12.4668,12.9006,0,0,0,0,8632.04,0,0,0,0,0,0,0,0,0,0,0,0,0,0,0,0,0,0,0,0,0,0,0,0,0,0,0,0,0,0,0,0,0,0,0,0,0,0,0,0,0,0,0,0,0,0,0,0,0,0,0,0,0,0,0,0,0,0,0,0,48,4800,1.4541,7.63008,11.4345,0,0,0,0,4634.58,0,0,0,0,166,16600,1.90809,7.2012,15.8981,0,0,0,0,5211.31,0,0,0,0,0,0,1.90809,7.2012,15.8981,0,0,0,0,0,0,0,0,0,0,0,0,0,0,0,0,0,0,1.90809,7.2012,15.8981,0,0,0,0,0,0,0,0,0,0,0,0,0,0,0,0,0,0,0,0,0,0,0,0,0,0,0,0,0,0,0,0,0,0,0,0,0,0,0,0,0,0,0,0,22610,2.261e+06,2.68049,12.4668,12.9006,0,0,0,0,8632.04,0,0,0,0,0,0,0,0,0,0,0,22610,2.261e+06,2.68049,12.4668,12.9006,0,0,0,0,8632.04,0,0,0,0,
 , , , ,37, ,22510,2.251e+06,2.68291,12.9868,12.3953,0,0,0,0,8852,0,0,0,0,22510,2.251e+06,2.68291,12.9868,12.3953,0,0,0,0,8852,0,0,0,0,0,0,0,0,0,0,0,0,0,0,0,0,0,0,0,0,0,0,0,0,0,0,0,0,0,0,0,0,0,0,0,0,0,0,0,0,0,0,0,0,0,0,22510,2.251e+06,2.68291,12.9868,12.3953,0,0,0,0,8852,0,0,0,0,0,0,0,0,0,0,0,0,0,0,0,0,0,0,0,0,0,0,0,0,0,0,0,0,0,0,0,0,0,0,0,0,0,0,0,0,0,0,0,0,0,0,0,0,0,0,0,0,0,0,0,0,0,0,0,0,39,3900,1.4541,5.89466,14.8009,0,0,0,0,3897.51,0,0,0,0,167,16700,1.88088,8.38487,13.4591,0,0,0,0,5658.21,0,0,0,0,0,0,1.88088,8.38487,13.4591,0,0,0,0,0,0,0,0,0,0,0,0,0,0,0,0,0,0,1.88088,8.38487,13.4591,0,0,0,0,0,0,0,0,0,0,0,0,0,0,0,0,0,0,0,0,0,0,0,0,0,0,0,0,0,0,0,0,0,0,0,0,0,0,0,0,0,0,0,0,22510,2.251e+06,2.68291,12.9868,12.3953,0,0,0,0,8852,0,0,0,0,0,0,0,0,0,0,0,22510,2.251e+06,2.68291,12.9868,12.3953,0,0,0,0,8852,0,0,0,0,
 , , , ,38, ,22674,2.2674e+06,2.66751,12.8761,12.43,0,0,0,0,8793.26,0,0,0,0,22674,2.2674e+06,2.66751,12.8761,12.43,0,0,0,0,8793.26,0,0,0,0,0,0,0,0,0,0,0,0,0,0,0,0,0,0,0,0,0,0,0,0,0,0,0,0,0,0,0,0,0,0,0,0,0,0,0,0,0,0,0,0,0,0,22674,2.2674e+06,2.66751,12.8761,12.43,0,0,0,0,8793.26,0,0,0,0,0,0,0,0,0,0,0,0,0,0,0,0,0,0,0,0,0,0,0,0,0,0,0,0,0,0,0,0,0,0,0,0,0,0,0,0,0,0,0,0,0,0,0,0,0,0,0,0,0,0,0,0,0,0,0,0,45,4500,1.4541,7.75087,11.2563,0,0,0,0,4685.88,0,0,0,0,167,16700,1.90961,7.38817,15.5081,0,0,0,0,5284.5,0,0,0,0,0,0,1.90961,7.38817,15.5081,0,0,0,0,0,0,0,0,0,0,0,0,0,0,0,0,0,0,1.90961,7.38817,15.5081,0,0,0,0,0,0,0,0,0,0,0,0,0,0,0,0,0,0,0,0,0,0,0,0,0,0,0,0,0,0,0,0,0,0,0,0,0,0,0,0,0,0,0,0,22674,2.2674e+06,2.66751,12.8761,12.43,0,0,0,0,8793.26,0,0,0,0,0,0,0,0,0,0,0,22674,2.2674e+06,2.66751,12.8761,12.43,0,0,0,0,8793.26,0,0,0,0,
 , , , ,39, ,22360,2.236e+06,2.65534,11.9856,13.2926,0,0,0,0,8394.48,0,0,0,0,22360,2.236e+06,2.65534,11.9856,13.2926,0,0,0,0,8394.48,0,0,0,0,0,0,0,0,0,0,0,0,0,0,0,0,0,0,0,0,0,0,0,0,0,0,0,0,0,0,0,0,0,0,0,0,0,0,0,0,0,0,0,0,0,0,22360,2.236e+06,2.65534,11.9856,13.2926,0,0,0,0,8394.48,0,0,0,0,0,0,0,0,0,0,0,0,0,0,0,0,0,0,0,0,0,0,0,0,0,0,0,0,0,0,0,0,0,0,0,0,0,0,0,0,0,0,0,0,0,0,0,0,0,0,0,0,0,0,0,0,0,0,0,0,40,4000,1.4541,5.56125,15.6882,0,0,0,0,3755.91,0,0,0,0,164,16400,1.89792,7.692,14.8044,0,0,0,0,5380.53,0,0,0,0,0,0,1.89792,7.692,14.8044,0,0,0,0,0,0,0,0,0,0,0,0,0,0,0,0,0,0,1.89792,7.692,14.8044,0,0,0,0,0,0,0,0,0,0,0,0,0,0,0,0,0,0,0,0,0,0,0,0,0,0,0,0,0,0,0,0,0,0,0,0,0,0,0,0,0,0,0,0,22360,2.236e+06,2.65534,11.9856,13.2926,0,0,0,0,8394.48,0,0,0,0,0,0,0,0,0,0,0,22360,2.236e+06,2.65534,11.9856,13.2926,0,0,0,0,8394.48,0,0,0,0,
 , , , ,40, ,22818,2.2818e+06,2.66255,12.9218,12.363,0,0,0,0,8806.94,0,0,0,0,22818,2.2818e+06,2.66255,12.9218,12.363,0,0,0,0,8806.94,0,0,0,0,0,0,0,0,0,0,0,0,0,0,0,0,0,0,0,0,0,0,0,0,0,0,0,0,0,0,0,0,0,0,0,0,0,0,0,0,0,0,0,0,0,0,22818,2.2818e+06,2.66255,12.9218,12.363,0,0,0,0,8806.94,0,0,0,0,0,0,0,0,0,0,0,0,0,0,0,0,0,0,0,0,0,0,0,0,0,0,0,0,0,0,0,0,0,0,0,0,0,0,0,0,0,0,0,0,0,0,0,0,0,0,0,0,0,0,0,0,0,0,0,0,45,4500,1.4541,7.25574,12.0244,0,0,0,0,4475.59,0,0,0,0,170,17000,1.91048,7.79982,14.6963,0,0,0,0,5449.67,0,0,0,0,0,0,1.91048,7.79982,14.6963,0,0,0,0,0,0,0,0,0,0,0,0,0,0,0,0,0,0,1.91048,7.79982,14.6963,0,0,0,0,0,0,0,0,0,0,0,0,0,0,0,0,0,0,0,0,0,0,0,0,0,0,0,0,0,0,0,0,0,0,0,0,0,0,0,0,0,0,0,0,22818,2.2818e+06,2.66255,12.9218,12.363,0,0,0,0,8806.94,0,0,0,0,0,0,0,0,0,0,0,22818,2.2818e+06,2.66255,12.9218,12.363,0,0,0,0,8806.94,0,0,0,0,
 , , , ,41, ,22647,2.2647e+06,2.66253,12.4864,12.7941,0,0,0,0,8617.38,0,0,0,0,22647,2.2647e+06,2.66253,12.4864,12.7941,0,0,0,0,8617.38,0,0,0,0,0,0,0,0,0,0,0,0,0,0,0,0,0,0,0,0,0,0,0,0,0,0,0,0,0,0,0,0,0,0,0,0,0,0,0,0,0,0,0,0,0,0,22647,2.2647e+06,2.66253,12.4864,12.7941,0,0,0,0,8617.38,0,0,0,0,0,0,0,0,0,0,0,0,0,0,0,0,0,0,0,0,0,0,0,0,0,0,0,0,0,0,0,0,0,0,0,0,0,0,0,0,0,0,0,0,0,0,0,0,0,0,0,0,0,0,0,0,0,0,0,0,41,4100,1.4541,6.2271,14.0107,0,0,0,0,4038.71,0,0,0,0,162,16200,1.89388,7.72735,14.7053,0,0,0,0,5386.41,0,0,0,0,0,0,1.89388,7.72735,14.7053,0,0,0,0,0,0,0,0,0,0,0,0,0,0,0,0,0,0,1.89388,7.72735,14.7053,0,0,0,0,0,0,0,0,0,0,0,0,0,0,0,0,0,0,0,0,0,0,0,0,0,0,0,0,0,0,0,0,0,0,0,0,0,0,0,0,0,0,0,0,22647,2.2647e+06,2.66253,12.4864,12.7941,0,0,0,0,8617.38,0,0,0,0,0,0,0,0,0,0,0,22647,2.2647e+06,2.66253,12.4864,12.7941,0,0,0,0,8617.38,0,0,0,0,
 , , , ,42, ,22631,2.2631e+06,2.65126,12.498,12.728,0,0,0,0,8612.12,0,0,0,0,22631,2.2631e+06,2.65126,12.498,12.728,0,0,0,0,8612.12,0,0,0,0,0,0,0,0,0,0,0,0,0,0,0,0,0,0,0,0,0,0,0,0,0,0,0,0,0,0,0,0,0,0,0,0,0,0,0,0,0,0,0,0,0,0,22631,2.2631e+06,2.65126,12.498,12.728,0,0,0,0,8612.12,0,0,0,0,0,0,0,0,0,0,0,0,0,0,0,0,0,0,0,0,0,0,0,0,0,0,0,0,0,0,0,0,0,0,0,0,0,0,0,0,0,0,0,0,0,0,0,0,0,0,0,0,0,0,0,0,0,0,0,0,46,4600,1.4541,7.40201,11.7868,0,0,0,0,4537.71,0,0,0,0,157,15700,1.92999,7.96597,14.5367,0,0,0,0,5554.57,0,0,0,0,0,0,1.92999,7.96597,14.5367,0,0,0,0,0,0,0,0,0,0,0,0,0,0,0,0,0,0,1.92999,7.96597,14.5367,0,0,0,0,0,0,0,0,0,0,0,0,0,0,0,0,0,0,0,0,0,0,0,0,0,0,0,0,0,0,0,0,0,0,0,0,0,0,0,0,0,0,0,0,22631,2.2631e+06,2.65126,12.498,12.728,0,0,0,0,8612.12,0,0,0,0,0,0,0,0,0,0,0,22631,2.2631e+06,2.65126,12.498,12.728,0,0,0,0,8612.12,0,0,0,0,
 , , , ,43, ,22874,2.2874e+06,2.66482,13.0114,12.2884,0,0,0,0,8840.59,0,0,0,0,22874,2.2874e+06,2.66482,13.0114,12.2884,0,0,0,0,8840.59,0,0,0,0,0,0,0,0,0,0,0,0,0,0,0,0,0,0,0,0,0,0,0,0,0,0,0,0,0,0,0,0,0,0,0,0,0,0,0,0,0,0,0,0,0,0,22874,2.2874e+06,2.66482,13.0114,12.2884,0,0,0,0,8840.59,0,0,0,0,0,0,0,0,0,0,0,0,0,0,0,0,0,0,0,0,0,0,0,0,0,0,0,0,0,0,0,0,0,0,0,0,0,0,0,0,0,0,0,0,0,0,0,0,0,0,0,0,0,0,0,0,0,0,0,0,41,4100,1.4541,6.33083,13.7811,0,0,0,0,4082.76,0,0,0,0,160,16000,1.88905,8.11189,13.9724,0,0,0,0,5537.89,0,0,0,0,0,0,1.88905,8.11189,13.9724,0,0,0,0,0,0,0,0,0,0,0,0,0,0,0,0,0,0,1.88905,8.11189,13.9724,0,0,0,0,0,0,0,0,0,0,0,0,0,0,0,0,0,0,0,0,0,0,0,0,0,0,0,0,0,0,0,0,0,0,0,0,0,0,0,0,0,0,0,0,22874,2.2874e+06,2.66482,13.0114,12.2884,0,0,0,0,8840.59,0,0,0,0,0,0,0,0,0,0,0,22874,2.2874e+06,2.66482,13.0114,12.2884,0,0,0,0,8840.59,0,0,0,0,
 , , , ,44, ,22848,2.2848e+06,2.65179,13.0271,12.2136,0,0,0,0,8830.42,0,0,0,0,22848,2.2848e+06,2.65179,13.0271,12.2136,0,0,0,0,8830.42,0,0,0,0,0,0,0,0,0,0,0,0,0,0,0,0,0,0,0,0,0,0,0,0,0,0,0,0,0,0,0,0,0,0,0,0,0,0,0,0,0,0,0,0,0,0,22848,2.2848e+06,2.65179,13.0271,12.2136,0,0,0,0,8830.42,0,0,0,0,0,0,0,0,0,0,0,0,0,0,0,0,0,0,0,0,0,0,0,0,0,0,0,0,0,0,0,0,0,0,0,0,0,0,0,0,0,0,0,0,0,0,0,0,0,0,0,0,0,0,0,0,0,0,0,0,47,4700,1.4541,6.89962,12.645,0,0,0,0,4324.34,0,0,0,0,162,16200,1.91253,9.94829,11.5348,0,0,0,0,6359.53,0,0,0,0,0,0,1.91253,9.94829,11.5348,0,0,0,0,0,0,0,0,0,0,0,0,0,0,0,0,0,0,1.91253,9.94829,11.5348,0,0,0,0,0,0,0,0,0,0,0,0,0,0,0,0,0,0,0,0,0,0,0,0,0,0,0,0,0,0,0,0,0,0,0,0,0,0,0,0,0,0,0,0,22848,2.2848e+06,2.65179,13.0271,12.2136,0,0,0,0,8830.42,0,0,0,0,0,0,0,0,0,0,0,22848,2.2848e+06,2.65179,13.0271,12.2136,0,0,0,0,8830.42,0,0,0,0,
 , , , ,45, ,22540,2.254e+06,2.65651,12.5932,12.6569,0,0,0,0,8656.87,0,0,0,0,22540,2.254e+06,2.65651,12.5932,12.6569,0,0,0,0,8656.87,0,0,0,0,0,0,0,0,0,0,0,0,0,0,0,0,0,0,0,0,0,0,0,0,0,0,0,0,0,0,0,0,0,0,0,0,0,0,0,0,0,0,0,0,0,0,22540,2.254e+06,2.65651,12.5932,12.6569,0,0,0,0,8656.87,0,0,0,0,0,0,0,0,0,0,0,0,0,0,0,0,0,0,0,0,0,0,0,0,0,0,0,0,0,0,0,0,0,0,0,0,0,0,0,0,0,0,0,0,0,0,0,0,0,0,0,0,0,0,0,0,0,0,0,0,42,4200,1.4541,6.54491,13.3304,0,0,0,0,4173.69,0,0,0,0,145,14500,1.9209,7.66164,15.043,0,0,0,0,5390.65,0,0,0,0,0,0,1.9209,7.66164,15.043,0,0,0,0,0,0,0,0,0,0,0,0,0,0,0,0,0,0,1.9209,7.66164,15.043,0,0,0,0,0,0,0,0,0,0,0,0,0,0,0,0,0,0,0,0,0,0,0,0,0,0,0,0,0,0,0,0,0,0,0,0,0,0,0,0,0,0,0,0,22540,2.254e+06,2.65651,12.5932,12.6569,0,0,0,0,8656.87,0,0,0,0,0,0,0,0,0,0,0,22540,2.254e+06,2.65651,12.5932,12.6569,0,0,0,0,8656.87,0,0,0,0,
 , , , ,46, ,23105,2.3105e+06,2.65928,13.2709,12.0231,0,0,0,0,8948.51,0,0,0,0,23105,2.3105e+06,2.65928,13.2709,12.0231,0,0,0,0,8948.51,0,0,0,0,0,0,0,0,0,0,0,0,0,0,0,0,0,0,0,0,0,0,0,0,0,0,0,0,0,0,0,0,0,0,0,0,0,0,0,0,0,0,0,0,0,0,23105,2.3105e+06,2.65928,13.2709,12.0231,0,0,0,0,8948.51,0,0,0,0,0,0,0,0,0,0,0,0,0,0,0,0,0,0,0,0,0,0,0,0,0,0,0,0,0,0,0,0,0,0,0,0,0,0,0,0,0,0,0,0,0,0,0,0,0,0,0,0,0,0,0,0,0,0,0,0,49,4900,1.4541,8.05694,10.8287,0,0,0,0,4815.88,0,0,0,0,164,16400,1.90892,9.41176,12.1693,0,0,0,0,6134.63,0,0,0,0,0,0,1.90892,9.41176,12.1693,0,0,0,0,0,0,0,0,0,0,0,0,0,0,0,0,0,0,1.90892,9.41176,12.1693,0,0,0,0,0,0,0,0,0,0,0,0,0,0,0,0,0,0,0,0,0,0,0,0,0,0,0,0,0,0,0,0,0,0,0,0,0,0,0,0,0,0,0,0,23105,2.3105e+06,2.65928,13.2709,12.0231,0,0,0,0,8948.51,0,0,0,0,0,0,0,0,0,0,0,23105,2.3105e+06,2.65928,13.2709,12.0231,0,0,0,0,8948.51,0,0,0,0,
 , , , ,47, ,22690,2.269e+06,2.65593,13.2415,12.0346,0,0,0,0,8933.43,0,0,0,0,22690,2.269e+06,2.65593,13.2415,12.0346,0,0,0,0,8933.43,0,0,0,0,0,0,0,0,0,0,0,0,0,0,0,0,0,0,0,0,0,0,0,0,0,0,0,0,0,0,0,0,0,0,0,0,0,0,0,0,0,0,0,0,0,0,22690,2.269e+06,2.65593,13.2415,12.0346,0,0,0,0,8933.43,0,0,0,0,0,0,0,0,0,0,0,0,0,0,0,0,0,0,0,0,0,0,0,0,0,0,0,0,0,0,0,0,0,0,0,0,0,0,0,0,0,0,0,0,0,0,0,0,0,0,0,0,0,0,0,0,0,0,0,0,43,4300,1.4541,5.91732,14.7442,0,0,0,0,3907.13,0,0,0,0,156,15600,1.89516,8.45014,13.4565,0,0,0,0,5693.19,0,0,0,0,0,0,1.89516,8.45014,13.4565,0,0,0,0,0,0,0,0,0,0,0,0,0,0,0,0,0,0,1.89516,8.45014,13.4565,0,0,0,0,0,0,0,0,0,0,0,0,0,0,0,0,0,0,0,0,0,0,0,0,0,0,0,0,0,0,0,0,0,0,0,0,0,0,0,0,0,0,0,0,22690,2.269e+06,2.65593,13.2415,12.0346,0,0,0,0,8933.43,0,0,0,0,0,0,0,0,0,0,0,22690,2.269e+06,2.65593,13.2415,12.0346,0,0,0,0,8933.43,0,0,0,0,
 , , , ,48, ,23109,2.3109e+06,2.65057,13.1909,12.0564,0,0,0,0,8904.29,0,0,0,0,23109,2.3109e+06,2.65057,13.1909,12.0564,0,0,0,0,8904.29,0,0,0,0,0,0,0,0,0,0,0,0,0,0,0,0,0,0,0,0,0,0,0,0,0,0,0,0,0,0,0,0,0,0,0,0,0,0,0,0,0,0,0,0,0,0,23109,2.3109e+06,2.65057,13.1909,12.0564,0,0,0,0,8904.29,0,0,0,0,0,0,0,0,0,0,0,0,0,0,0,0,0,0,0,0,0,0,0,0,0,0,0,0,0,0,0,0,0,0,0,0,0,0,0,0,0,0,0,0,0,0,0,0,0,0,0,0,0,0,0,0,0,0,0,0,46,4600,1.4541,7.79997,11.1854,0,0,0,0,4706.73,0,0,0,0,163,16300,1.9053,8.86638,12.8934,0,0,0,0,5898.81,0,0,0,0,0,0,1.9053,8.86638,12.8934,0,0,0,0,0,0,0,0,0,0,0,0,0,0,0,0,0,0,1.9053,8.86638,12.8934,0,0,0,0,0,0,0,0,0,0,0,0,0,0,0,0,0,0,0,0,0,0,0,0,0,0,0,0,0,0,0,0,0,0,0,0,0,0,0,0,0,0,0,0,23109,2.3109e+06,2.65057,13.1909,12.0564,0,0,0,0,8904.29,0,0,0,0,0,0,0,0,0,0,0,23109,2.3109e+06,2.65057,13.1909,12.0564,0,0,0,0,8904.29,0,0,0,0,
 , , , ,49, ,22693,2.2693e+06,2.64169,13.0991,12.1002,0,0,0,0,8845.57,0,0,0,0,22693,2.2693e+06,2.64169,13.0991,12.1002,0,0,0,0,8845.57,0,0,0,0,0,0,0,0,0,0,0,0,0,0,0,0,0,0,0,0,0,0,0,0,0,0,0,0,0,0,0,0,0,0,0,0,0,0,0,0,0,0,0,0,0,0,22693,2.2693e+06,2.64169,13.0991,12.1002,0,0,0,0,8845.57,0,0,0,0,0,0,0,0,0,0,0,0,0,0,0,0,0,0,0,0,0,0,0,0,0,0,0,0,0,0,0,0,0,0,0,0,0,0,0,0,0,0,0,0,0,0,0,0,0,0,0,0,0,0,0,0,0,0,0,0,44,4400,1.4541,7.16187,12.182,0,0,0,0,4435.72,0,0,0,0,154,15400,1.89492,11.2428,10.1127,0,0,0,0,6880.13,0,0,0,0,0,0,1.89492,11.2428,10.1127,0,0,0,0,0,0,0,0,0,0,0,0,0,0,0,0,0,0,1.89492,11.2428,10.1127,0,0,0,0,0,0,0,0,0,0,0,0,0,0,0,0,0,0,0,0,0,0,0,0,0,0,0,0,0,0,0,0,0,0,0,0,0,0,0,0,0,0,0,0,22693,2.2693e+06,2.64169,13.0991,12.1002,0,0,0,0,8845.57,0,0,0,0,0,0,0,0,0,0,0,22693,2.2693e+06,2.64169,13.0991,12.1002,0,0,0,0,8845.57,0,0,0,0,
 , , , ,50, ,22891,2.2891e+06,2.64202,13.272,11.944,0,0,0,0,8930.09,0,0,0,0,22891,2.2891e+06,2.64202,13.272,11.944,0,0,0,0,8930.09,0,0,0,0,0,0,0,0,0,0,0,0,0,0,0,0,0,0,0,0,0,0,0,0,0,0,0,0,0,0,0,0,0,0,0,0,0,0,0,0,0,0,0,0,0,0,22891,2.2891e+06,2.64202,13.272,11.944,0,0,0,0,8930.09,0,0,0,0,0,0,0,0,0,0,0,0,0,0,0,0,0,0,0,0,0,0,0,0,0,0,0,0,0,0,0,0,0,0,0,0,0,0,0,0,0,0,0,0,0,0,0,0,0,0,0,0,0,0,0,0,0,0,0,0,47,4700,1.4541,8.00922,10.8932,0,0,0,0,4795.61,0,0,0,0,147,14700,1.92555,8.79844,13.1311,0,0,0,0,5894.78,0,0,0,0,0,0,1.92555,8.79844,13.1311,0,0,0,0,0,0,0,0,0,0,0,0,0,0,0,0,0,0,1.92555,8.79844,13.1311,0,0,0,0,0,0,0,0,0,0,0,0,0,0,0,0,0,0,0,0,0,0,0,0,0,0,0,0,0,0,0,0,0,0,0,0,0,0,0,0,0,0,0,0,22891,2.2891e+06,2.64202,13.272,11.944,0,0,0,0,8930.09,0,0,0,0,0,0,0,0,0,0,0,22891,2.2891e+06,2.64202,13.272,11.944,0,0,0,0,8930.09,0,0,0,0,
 , , , ,51, ,22891,100,2.64202,16.1209,9.83328,0,0,0,0,10140.1,0,0,0,0,22891,100,2.64202,16.1209,9.83328,0,0,0,0,10140.1,0,0,0,0,0,0,0,0,0,0,0,0,0,0,0,0,0,0,0,0,0,0,0,0,0,0,0,0,0,0,0,0,0,0,0,0,0,0,0,0,0,0,0,0,0,0,22891,100,2.64202,16.1209,9.83328,0,0,0,0,10140.1,0,0,0,0,0,0,0,0,0,0,0,0,0,0,0,0,0,0,0,0,0,0,0,0,0,0,0,0,0,0,0,0,0,0,0,0,0,0,0,0,0,0,0,0,0,0,0,0,0,0,0,0,0,0,0,0,0,0,0,0,47,0.205321,1.4541,8.00922,10.8932,0,0,0,0,4795.61,0,0,0,0,147,0.642174,1.92555,8.4896,13.6087,0,0,0,0,5763.61,0,0,0,0,0,0,1.92555,8.4896,13.6087,0,0,0,0,0,0,0,0,0,0,0,0,0,0,0,0,0,0,1.92555,8.4896,13.6087,0,0,0,0,0,0,0,0,0,0,0,0,0,0,0,0,0,0,0,0,0,0,0,0,0,0,0,0,0,0,0,0,0,0,0,0,0,0,0,0,0,0,0,0,22891,100,2.64202,16.1209,9.83328,0,0,0,0,10140.1,0,0,0,0,0,0,0,0,0,0,0,22891,100,2.64202,16.1209,9.83328,0,0,0,0,10140.1,0,0,0,0,
1,test1, ,51,,1,22891,100,2.64202,16.1209,9.83328,0,0,0,0,10140.1,0,0,0,0,22891,100,2.64202,16.1209,9.83328,0,0,0,0,10140.1,0,0,0,0,0,0,0,0,0,0,0,0,0,0,0,0,0,0,0,0,0,0,0,0,0,0,0,0,0,0,0,0,0,0,0,0,0,0,0,0,0,0,0,0,0,0,22891,100,2.64202,16.1209,9.83328,0,0,0,0,10140.1,0,0,0,0,0,0,0,0,0,0,0,0,0,0,0,0,0,0,0,0,0,0,0,0,0,0,0,0,0,0,0,0,0,0,0,0,0,0,0,0,0,0,0,0,0,0,0,0,0,0,0,0,0,0,0,0,0,0,0,0,47,0.205321,1.4541,8.00922,10.8932,0,0,0,0,4795.61,0,0,0,0,147,0.642174,1.92555,8.4896,13.6087,0,0,0,0,5763.61,0,0,0,0,0,0,1.92555,8.4896,13.6087,0,0,0,0,0,0,0,0,0,0,0,0,0,0,0,0,0,0,1.92555,8.4896,13.6087,0,0,0,0,0,0,0,0,0,0,0,0,0,0,0,0,0,0,0,0,0,0,0,0,0,0,0,0,0,0,0,0,0,0,0,0,0,0,0,0,0,0,0,0,22891,100,2.64202,16.1209,9.83328,0,0,0,0,10140.1,0,0,0,0,0,0,0,0,0,0,0,22891,100,2.64202,16.1209,9.83328,0,0,0,0,10140.1,0,0,0,0,
CPU Clock: 00:04:56 --