DTALite:
A Fast Open Source DTA Engine
Software Version =,1.1.0
Release Date=,May 27 2016
Simulation Date =,year: 2016,month:06,day:4,hour:11,min:27
----------------------test1----------------------
Signal Control Representation =,Continuous Flow with Link Capacity Constraint
Traffic Flow Model =,Newell's Cumulative Flow Count Model
Assignment method=,MSA
 


# of Nodes=,40
# of Link Types=,12
# of Links=,48
# of Prohibited Movements=,0
# of Pretimed Signals=,3
# of Actuated Signals=,0
# of Zones=,2
# of Activity Locations=,2
# of Vehicle Types=,5
# of Demand Types=,4
# of Sensor Records=,0
Demand Load Mode=,demand meta databaseReading demand file,input_demand.csv,cumulative # of agents=,8640,


Demand multiplier in input_scenario_settings.csv file=,1
# of Vehicles to be simulated=,8640
# of Intra-zone Vehicles (not be simulated)=,0
Starting Time of Demand Loading (min)=,420
Ending Time of Demand Loading (min)=,540
Output Emission data=,NO

--Link Type Statistics--
link_type,link_type_name,link_type_code,number_of_links,avg_lane_capacity,avg_number_of_lanes,avg_speed_limit,avg_link_length,avg_K_jam,total_link_length,
1,Freeway,f,38,1800,2.94737,61.3158,1.33202,180,50.6166,
2,Highway,h,0,0,0,0,0,0,0,
3,Principal�arterial,a,0,0,0,0,0,0,0,
4,Major arterial,a,9,1800,2.22222,41.6667,1.34537,180,12.1083,
5,Minor arterial,a,1,1800,2,30,2,180,2,
6,Collector,a,0,0,0,0,0,0,0,
7,Local,a,0,0,0,0,0,0,0,
8,Frontage road,a,0,0,0,0,0,0,0,
9,Ramp,r,0,0,0,0,0,0,0,
10,Zonal connector,c,0,0,0,0,0,0,0,
100,Transit link,t,0,0,0,0,0,0,0,
200,Walking link,w,0,0,0,0,0,0,0,
# of demand type code based toll records=0
# of link-based toll records=1
# of work zone records=0
# of VMS records=0
Assignment method=,Zone-based routing
Iteration #,CPU Running Time,Per Iteration CPU Running Time,# of agents,Avg Travel Time (min),Avg Waiting Time at Origin (min),Avg Trip Time Index=(Mean TT/Free-flow TT),Avg Distance,Avg Speed,Avg CO (g),% considering to switch,% switched,% completing trips,network clearance time (in min),Avg User Equilibirum (UE) gap (min),Relative UE gap (%),ODME: number of data points,ODME: Absolute link count error,ODME: % link count error,ODME: slope =observed/estimated link count,ODME: r_squared link count,travel_time_ 7:00,travel_time_ 7:15,travel_time_ 7:30,travel_time_ 7:45,travel_time_ 8:00,travel_time_ 8:15,travel_time_ 8:30,travel_time_ 8:45,Avg UE gap_ 7:00,Avg UE gap_ 7:15,Avg UE gap_ 7:30,Avg UE gap_ 7:45,Avg UE gap_ 8:00,Avg UE gap_ 8:15,Avg UE gap_ 8:30,Avg UE gap_ 8:45,Relative UE gap_ 7:00,Relative UE gap_ 7:15,Relative UE gap_ 7:30,Relative UE gap_ 7:45,Relative UE gap_ 8:00,Relative UE gap_ 8:15,Relative UE gap_ 8:30,Relative UE gap_ 8:45,
1,00:00:05,00:00:05,8640,23.0833,0,2.09394,11,28.5921,16903.9,100,100,100,840, , , , , , , ,12.5775,15.5789,18.5806,21.5828,24.5838,27.5861,30.5877,33.5889, , , , , , , , , , , , , , , , ,


--Time Dependent Network MOE--,60 min interval
time_stamp_in_min,time_clock,cumulative_in_flow_count,cumulative_out_flow_count,number_vehicles_in_network,number_vehicles_entering_network,total_vehicle_mile_traveled,avg_trip_time (departure_time_based),avg_trip_time_index = trip time/FFTT,avg_distance,avg_speed,
420, 7:00,72,0,72,72,47520,17.0298,1.54816,11,38.7556,
480, 8:00,4392,2995,1397,4320,47520,29.0368,2.63971,11,22.7298,
540, 9:00,8640,6595,2045,4248,0,0,0,0,0,

--Time Dependent Network MOE--,30 min interval
time_stamp_in_min,time_clock,cumulative_in_flow_count,cumulative_out_flow_count,number_vehicles_in_network,number_vehicles_entering_network,total_vehicle_mile_traveled,avg_trip_time (departure_time_based),avg_trip_time_index = trip time/FFTT,avg_distance,avg_speed,
420, 7:00,72,0,72,72,23760,14.028,1.27527,11,47.0488,
450, 7:30,2232,1195,1037,2160,23760,20.0316,1.82105,11,32.948,
480, 8:00,4392,2995,1397,2160,23760,26.0351,2.36682,11,25.3504,
510, 8:30,6552,4795,1757,2160,23760,32.0385,2.91259,11,20.6002,
540, 9:00,8640,6595,2045,2088,0,0,0,0,0,
570, 9:30,8640,8395,245,0,0,0,0,0,0,

--Time Dependent Network MOE--,15 min interval
time_stamp_in_min,time_clock,cumulative_in_flow_count,cumulative_out_flow_count,number_vehicles_in_network,number_vehicles_entering_network,total_vehicle_mile_traveled,avg_trip_time (departure_time_based),avg_trip_time_index = trip time/FFTT,avg_distance,avg_speed,
420, 7:00,72,0,72,72,11880,12.527,1.13882,11,52.6863,
435, 7:15,1152,295,857,1080,11880,15.529,1.41173,11,42.5012,
450, 7:30,2232,1195,1037,1080,11880,18.5307,1.68461,11,35.6165,
465, 7:45,3312,2095,1217,1080,11880,21.5325,1.9575,11,30.6514,
480, 8:00,4392,2995,1397,1080,11880,24.5342,2.23038,11,26.9012,
495, 8:15,5472,3895,1577,1080,11880,27.5359,2.50327,11,23.9687,
510, 8:30,6552,4795,1757,1080,11880,30.5377,2.77615,11,21.6126,
525, 8:45,7632,5695,1937,1080,11880,33.5394,3.04904,11,19.6783,
540, 9:00,8640,6595,2045,1008,0,0,0,0,0,
555, 9:15,8640,7495,1145,0,0,0,0,0,0,
570, 9:30,8640,8395,245,0,0,0,0,0,0,

--Time Dependent Network MOE--,5 min interval
time_stamp_in_min,time_clock,cumulative_in_flow_count,cumulative_out_flow_count,number_vehicles_in_network,number_vehicles_entering_network,total_vehicle_mile_traveled,avg_trip_time (departure_time_based),avg_trip_time_index = trip time/FFTT,avg_distance,avg_speed,
420, 7:00,72,0,72,72,3960,11.5258,1.0478,11,57.2626,
425, 7:05,432,0,432,360,3960,12.5273,1.13884,11,52.6851,
430, 7:10,792,0,792,360,3960,13.5278,1.2298,11,48.7883,
435, 7:15,1152,295,857,360,3960,14.5284,1.32076,11,45.4282,
440, 7:20,1512,595,917,360,3960,15.529,1.41173,11,42.5012,
445, 7:25,1872,895,977,360,3960,16.5296,1.50269,11,39.9284,
450, 7:30,2232,1195,1037,360,3960,17.5301,1.59365,11,37.6494,
455, 7:35,2592,1495,1097,360,3960,18.5307,1.68461,11,35.6165,
460, 7:40,2952,1795,1157,360,3960,19.5313,1.77557,11,33.7919,
465, 7:45,3312,2095,1217,360,3960,20.5319,1.86653,11,32.1451,
470, 7:50,3672,2395,1277,360,3960,21.5325,1.9575,11,30.6514,
475, 7:55,4032,2695,1337,360,3960,22.533,2.04846,11,29.2903,
480, 8:00,4392,2995,1397,360,3960,23.5336,2.13942,11,28.045,
485, 8:05,4752,3295,1457,360,3960,24.5342,2.23038,11,26.9012,
490, 8:10,5112,3595,1517,360,3960,25.5348,2.32134,11,25.8471,
495, 8:15,5472,3895,1577,360,3960,26.5354,2.4123,11,24.8725,
500, 8:20,5832,4195,1637,360,3960,27.5359,2.50327,11,23.9687,
505, 8:25,6192,4495,1697,360,3960,28.5365,2.59423,11,23.1283,
510, 8:30,6552,4795,1757,360,3960,29.5371,2.68519,11,22.3448,
515, 8:35,6912,5095,1817,360,3960,30.5377,2.77615,11,21.6126,
520, 8:40,7272,5395,1877,360,3960,31.5383,2.86711,11,20.927,
525, 8:45,7632,5695,1937,360,3960,32.5388,2.95808,11,20.2835,
530, 8:50,7992,5995,1997,360,3960,33.5394,3.04904,11,19.6783,
535, 8:55,8352,6295,2057,360,3960,34.54,3.14,11,19.1083,
540, 9:00,8640,6595,2045,288,0,0,0,0,0,
545, 9:05,8640,6895,1745,0,0,0,0,0,0,
550, 9:10,8640,7195,1445,0,0,0,0,0,0,
555, 9:15,8640,7495,1145,0,0,0,0,0,0,
560, 9:20,8640,7795,845,0,0,0,0,0,0,
565, 9:25,8640,8095,545,0,0,0,0,0,0,
570, 9:30,8640,8395,245,0,0,0,0,0,0,
575, 9:35,8640,8640,0,0,0,0,0,0,0,
Unit of output:
travel time=,min
travel Cost=,dollar
distance=,miles
speed=,mph
energy=,1000 joule
CO2=,gram


--MOE Group 1--
 , , , , , , , , , , , , , , , , , , , ,
,#_of_vehicles,avg_distance,avg_travel_time,avg_speed,avg_toll_cost,avg_energy_K_joule,avg_CO2_gram,avg_NOX_gram,avg_CO_gram,avg_HC_gram,avg_PM_gram,avg_PM2_5_gram,avg_energy_K_joule_per_mile,avg_CO2_gram_per_mile,avg_NOX_gram_per_mile,avg_CO_gram_per_mile,avg_HC_gram_per_mile,avg_PM_gram_per_mile,avg_PM2_5_gram_per_mile,avg_MilesPerGallon,
network,8640,11,23.0333,28.6542,0.184734,0,0,0,16911.6,0,0,0,0,0,0,1537.42,0,0,0,0,


--MOE Group 2--
 , , , , , , , , , , , , , , , , , , , ,
,#_of_vehicles,avg_distance,avg_travel_time,avg_speed,avg_toll_cost,avg_energy_K_joule,avg_CO2_gram,avg_NOX_gram,avg_CO_gram,avg_HC_gram,avg_PM_gram,avg_PM2_5_gram,avg_energy_K_joule_per_mile,avg_CO2_gram_per_mile,avg_NOX_gram_per_mile,avg_CO_gram_per_mile,avg_HC_gram_per_mile,avg_PM_gram_per_mile,avg_PM2_5_gram_per_mile,avg_MilesPerGallon,
sov,8640,11,23.0333,28.6542,0.184734,0,0,0,16911.6,0,0,0,0,0,0,1537.42,0,0,0,0,
hov,0,0,0,0,0,0,0,0,0,0,0,0,0,0,0,0,0,0,0,0,
truck,0,0,0,0,0,0,0,0,0,0,0,0,0,0,0,0,0,0,0,0,
intermodal,0,0,0,0,0,0,0,0,0,0,0,0,0,0,0,0,0,0,0,0,


--MOE Group 3--
 , , , , , , , , , , , , , , , , , , , ,
,#_of_vehicles,avg_distance,avg_travel_time,avg_speed,avg_toll_cost,avg_energy_K_joule,avg_CO2_gram,avg_NOX_gram,avg_CO_gram,avg_HC_gram,avg_PM_gram,avg_PM2_5_gram,avg_energy_K_joule_per_mile,avg_CO2_gram_per_mile,avg_NOX_gram_per_mile,avg_CO_gram_per_mile,avg_HC_gram_per_mile,avg_PM_gram_per_mile,avg_PM2_5_gram_per_mile,avg_MilesPerGallon,
passenger_car,8640,11,23.0333,28.6542,0.184734,0,0,0,16911.6,0,0,0,0,0,0,1537.42,0,0,0,0,
passenger_truck,0,0,0,0,0,0,0,0,0,0,0,0,0,0,0,0,0,0,0,0,
light_commercial,0,0,0,0,0,0,0,0,0,0,0,0,0,0,0,0,0,0,0,0,
single_unit_long_truck,0,0,0,0,0,0,0,0,0,0,0,0,0,0,0,0,0,0,0,0,
combination_long_truck,0,0,0,0,0,0,0,0,0,0,0,0,0,0,0,0,0,0,0,0,


--MOE Group 4--
 , , , , , , , , , , , , , , , , , , , ,
,#_of_vehicles,avg_distance,avg_travel_time,avg_speed,avg_toll_cost,avg_energy_K_joule,avg_CO2_gram,avg_NOX_gram,avg_CO_gram,avg_HC_gram,avg_PM_gram,avg_PM2_5_gram,avg_energy_K_joule_per_mile,avg_CO2_gram_per_mile,avg_NOX_gram_per_mile,avg_CO_gram_per_mile,avg_HC_gram_per_mile,avg_PM_gram_per_mile,avg_PM2_5_gram_per_mile,avg_MilesPerGallon,
OD1,8640,11,23.0333,28.6542,0.184734,0,0,0,16911.6,0,0,0,0,0,0,1537.42,0,0,0,0,
OD2,8640,11,23.0333,28.6542,0.184734,0,0,0,16911.6,0,0,0,0,0,0,1537.42,0,0,0,0,


--MOE Group 5--
 , , , , , , , , , , , , , , , , , , , ,
,#_of_vehicles,avg_distance,avg_travel_time,avg_speed,avg_toll_cost,avg_energy_K_joule,avg_CO2_gram,avg_NOX_gram,avg_CO_gram,avg_HC_gram,avg_PM_gram,avg_PM2_5_gram,avg_energy_K_joule_per_mile,avg_CO2_gram_per_mile,avg_NOX_gram_per_mile,avg_CO_gram_per_mile,avg_HC_gram_per_mile,avg_PM_gram_per_mile,avg_PM2_5_gram_per_mile,avg_MilesPerGallon,
link_48_41_ NB freeway,0,0,0,0,0,0,0,0,0,0,0,0,0,0,0,0,0,0,0,0,
link_39_44_NB freeway,0,0,0,0,0,0,0,0,0,0,0,0,0,0,0,0,0,0,0,0,


--MOE Group 6--
 , , , , , , , , , , , , , , , , , , , ,
,#_of_vehicles,avg_distance,avg_travel_time,avg_speed,avg_toll_cost,avg_energy_K_joule,avg_CO2_gram,avg_NOX_gram,avg_CO_gram,avg_HC_gram,avg_PM_gram,avg_PM2_5_gram,avg_energy_K_joule_per_mile,avg_CO2_gram_per_mile,avg_NOX_gram_per_mile,avg_CO_gram_per_mile,avg_HC_gram_per_mile,avg_PM_gram_per_mile,avg_PM2_5_gram_per_mile,avg_MilesPerGallon,
'Path1_Major freeway route,8640,11,23.0333,28.6542,0.184734,0,0,0,16911.6,0,0,0,0,0,0,1537.42,0,0,0,0,


--MOE Group 7--
Detailed Data:,output_NetworkTDMOE.csv
time_stamp_in_min,cumulative_in_flow_count,cumulative_out_flow_count,number_of_vehicles_in_network,flow_in_a_min,avg_trip_time_in_min
420,72,0,72,72,11.1223,
421,144,0,144,72,11.3266,
422,216,0,216,72,11.5267,
423,288,0,288,72,11.7268,
424,360,0,360,72,11.9269,
425,432,0,432,72,12.127,
426,504,0,504,72,12.3271,
427,576,0,576,72,12.5273,
428,648,0,648,72,12.7274,
429,720,0,720,72,12.9275,
430,792,0,792,72,13.1276,
431,864,55,809,72,13.3277,
432,936,115,821,72,13.5278,
433,1008,175,833,72,13.7279,
434,1080,235,845,72,13.9281,
435,1152,295,857,72,14.1282,
436,1224,355,869,72,14.3283,
437,1296,415,881,72,14.5284,
438,1368,475,893,72,14.7285,
439,1440,535,905,72,14.9286,
440,1512,595,917,72,15.1288,
441,1584,655,929,72,15.3289,
442,1656,715,941,72,15.529,
443,1728,775,953,72,15.7291,
444,1800,835,965,72,15.9292,
445,1872,895,977,72,16.1293,
446,1944,955,989,72,16.3295,
447,2016,1015,1001,72,16.5296,
448,2088,1075,1013,72,16.7297,
449,2160,1135,1025,72,16.9298,
450,2232,1195,1037,72,17.1299,
451,2304,1255,1049,72,17.33,
452,2376,1315,1061,72,17.5301,
453,2448,1375,1073,72,17.7303,
454,2520,1435,1085,72,17.9304,
455,2592,1495,1097,72,18.1305,
456,2664,1555,1109,72,18.3306,
457,2736,1615,1121,72,18.5307,
458,2808,1675,1133,72,18.7308,
459,2880,1735,1145,72,18.931,
460,2952,1795,1157,72,19.1311,
461,3024,1855,1169,72,19.3312,
462,3096,1915,1181,72,19.5313,
463,3168,1975,1193,72,19.7314,
464,3240,2035,1205,72,19.9315,
465,3312,2095,1217,72,20.1316,
466,3384,2155,1229,72,20.3318,
467,3456,2215,1241,72,20.5319,
468,3528,2275,1253,72,20.732,
469,3600,2335,1265,72,20.9321,
470,3672,2395,1277,72,21.1322,
471,3744,2455,1289,72,21.3323,
472,3816,2515,1301,72,21.5325,
473,3888,2575,1313,72,21.7326,
474,3960,2635,1325,72,21.9327,
475,4032,2695,1337,72,22.1328,
476,4104,2755,1349,72,22.3329,
477,4176,2815,1361,72,22.533,
478,4248,2875,1373,72,22.7332,
479,4320,2935,1385,72,22.9333,
480,4392,2995,1397,72,23.1334,
481,4464,3055,1409,72,23.3335,
482,4536,3115,1421,72,23.5336,
483,4608,3175,1433,72,23.7337,
484,4680,3235,1445,72,23.9338,
485,4752,3295,1457,72,24.134,
486,4824,3355,1469,72,24.3341,
487,4896,3415,1481,72,24.5342,
488,4968,3475,1493,72,24.7343,
489,5040,3535,1505,72,24.9344,
490,5112,3595,1517,72,25.1345,
491,5184,3655,1529,72,25.3347,
492,5256,3715,1541,72,25.5348,
493,5328,3775,1553,72,25.7349,
494,5400,3835,1565,72,25.935,
495,5472,3895,1577,72,26.1351,
496,5544,3955,1589,72,26.3352,
497,5616,4015,1601,72,26.5354,
498,5688,4075,1613,72,26.7355,
499,5760,4135,1625,72,26.9356,
500,5832,4195,1637,72,27.1357,
501,5904,4255,1649,72,27.3358,
502,5976,4315,1661,72,27.5359,
503,6048,4375,1673,72,27.7361,
504,6120,4435,1685,72,27.9362,
505,6192,4495,1697,72,28.1363,
506,6264,4555,1709,72,28.3364,
507,6336,4615,1721,72,28.5365,
508,6408,4675,1733,72,28.7366,
509,6480,4735,1745,72,28.9367,
510,6552,4795,1757,72,29.1369,
511,6624,4855,1769,72,29.337,
512,6696,4915,1781,72,29.5371,
513,6768,4975,1793,72,29.7372,
514,6840,5035,1805,72,29.9373,
515,6912,5095,1817,72,30.1374,
516,6984,5155,1829,72,30.3376,
517,7056,5215,1841,72,30.5377,
518,7128,5275,1853,72,30.7378,
519,7200,5335,1865,72,30.9379,
520,7272,5395,1877,72,31.138,
521,7344,5455,1889,72,31.3381,
522,7416,5515,1901,72,31.5382,
523,7488,5575,1913,72,31.7384,
524,7560,5635,1925,72,31.9385,
525,7632,5695,1937,72,32.1386,
526,7704,5755,1949,72,32.3387,
527,7776,5815,1961,72,32.5388,
528,7848,5875,1973,72,32.7389,
529,7920,5935,1985,72,32.9391,
530,7992,5995,1997,72,33.1392,
531,8064,6055,2009,72,33.3393,
532,8136,6115,2021,72,33.5394,
533,8208,6175,2033,72,33.7395,
534,8280,6235,2045,72,33.9396,
535,8352,6295,2057,72,34.1398,
536,8424,6355,2069,72,34.3399,
537,8496,6415,2081,72,34.54,
538,8568,6475,2093,72,34.7401,
539,8640,6535,2105,72,34.9402,
540,8640,6595,2045,0,0,
541,8640,6655,1985,0,0,
542,8640,6715,1925,0,0,
543,8640,6775,1865,0,0,
544,8640,6835,1805,0,0,
545,8640,6895,1745,0,0,
546,8640,6955,1685,0,0,
547,8640,7015,1625,0,0,
548,8640,7075,1565,0,0,
549,8640,7135,1505,0,0,
550,8640,7195,1445,0,0,
551,8640,7255,1385,0,0,
552,8640,7315,1325,0,0,
553,8640,7375,1265,0,0,
554,8640,7435,1205,0,0,
555,8640,7495,1145,0,0,
556,8640,7555,1085,0,0,
557,8640,7615,1025,0,0,
558,8640,7675,965,0,0,
559,8640,7735,905,0,0,
560,8640,7795,845,0,0,
561,8640,7855,785,0,0,
562,8640,7915,725,0,0,
563,8640,7975,665,0,0,
564,8640,8035,605,0,0,
565,8640,8095,545,0,0,
566,8640,8155,485,0,0,
567,8640,8215,425,0,0,
568,8640,8275,365,0,0,
569,8640,8335,305,0,0,
570,8640,8395,245,0,0,
571,8640,8455,185,0,0,
572,8640,8515,125,0,0,
573,8640,8575,65,0,0,
574,8640,8635,5,0,0,
575,8640,8640,0,0,0,


--MOE Group 8--
Detailed Data:,output_LinkMOE.csv
from_node_id,to_node_id,type_code,link_type,link_length,start_time_in_min,end_time_in_min,total_link_volume,lane_capacity_in_vhc_per_hour,link_capacity_in_vhc_per_hour,volume_over_capacity_ratio,avg_waiting_time_on_loading_buffer_(min), speed_limit,speed,free-flow_travel_time,travel_time,percentage_of_speed_limit, level_of_service, sensor_data_flag, sensor_link_volume, simulated_link_volume, measurement_error, abs_measurement_error_percentage, simulated_AADT, TotalEnergy_(J / hr), CO2_(g / hr), NOX_(g / hr), CO_(g / hr), HC_(g / hr, PM_(g / hr), PM_2_5(g / hr),sov_volume, hov_volume, truck_volume, intermodal_volume,passenger car,passenger truck,light commercial truck,single unit short-haul truck,combination long-haul truck,geometry, from_node_id,to_node_id,vol_h1,vol_h2,vol_h3,vol_h4,vol_h5,vol_h6,vol_h7,vol_h8,vol_h9,vol_h10,vol_h11,vol_h12,vol_h13,vol_h14,vol_h15,vol_h16,vol_h17,vol_h18,vol_h19,vol_h20,vol_h21,vol_h22,vol_h23,vol_h24,speed_h1,speed_h2,speed_h3,speed_h4,speed_h5,speed_h6,speed_h7,speed_h8,speed_h9,speed_h10,speed_h11,speed_h12,speed_h13,speed_h14,speed_h15,speed_h16,speed_h17,speed_h18,speed_h19,speed_h20,speed_h21,speed_h22,speed_h23,speed_h24,vol_d1,spd_d1,
1,3,f,Freeway,1.0000,420,540,8640,1800.0000,5400.0000,0.8000,0.0000,60.0000,34.1022,1.0000,1.7594,57,C,0,0.0000,8640,0.0000,0.0000,0.0000,0.0000,0.0000,0.0000,0.0000,0.0000,0.0000,0.0000,8640,0,0,0,8640,0,0,0,0,"<LineString><coordinates>2.990533,23.709122,0.0 9.771559,38.407951,0.0</coordinates></LineString>",1,3,0.0000,0.0000,0.0000,0.0000,0.0000,0.0000,0.0000,4249.0000,3972.0000,419.0000,0.0000,0.0000,0.0000,0.0000,0.0000,0.0000,0.0000,0.0000,0.0000,0.0000,0.0000,0.0000,0.0000,0.0000,60.0000,60.0000,60.0000,60.0000,60.0000,60.0000,60.0000,60.0000,23.8205,60.0000,60.0000,60.0000,60.0000,60.0000,60.0000,60.0000,60.0000,60.0000,60.0000,60.0000,60.0000,60.0000,60.0000,60.0000,
3,4,f,Freeway,1.0000,420,540,8640,1800.0000,5400.0000,0.8000,0.0000,60.0000,30.8962,1.0000,1.9420,51,C,0,0.0000,8640,0.0000,0.0000,0.0000,0.0000,0.0000,0.0000,0.0000,0.0000,0.0000,0.0000,8640,0,0,0,8640,0,0,0,0,"<LineString><coordinates>9.771559,38.407951,0.0 20.024308,38.407951,0.0</coordinates></LineString>",3,4,0.0000,0.0000,0.0000,0.0000,0.0000,0.0000,0.0000,4177.0000,3804.0000,659.0000,0.0000,0.0000,0.0000,0.0000,0.0000,0.0000,0.0000,0.0000,0.0000,0.0000,0.0000,0.0000,0.0000,0.0000,60.0000,60.0000,60.0000,60.0000,60.0000,60.0000,60.0000,60.0000,21.9763,15.0000,60.0000,60.0000,60.0000,60.0000,60.0000,60.0000,60.0000,60.0000,60.0000,60.0000,60.0000,60.0000,60.0000,60.0000,
4,5,f,Freeway,1.0000,420,540,8640,1800.0000,5400.0000,0.8000,0.0000,60.0000,25.8981,1.0000,2.3168,43,D,0,0.0000,8640,0.0000,0.0000,0.0000,0.0000,0.0000,0.0000,0.0000,0.0000,0.0000,0.0000,8640,0,0,0,8640,0,0,0,0,"<LineString><coordinates>20.024308,38.407951,0.0 29.871008,38.407951,0.0</coordinates></LineString>",4,5,0.0000,0.0000,0.0000,0.0000,0.0000,0.0000,0.0000,4105.0000,3636.0000,899.0000,0.0000,0.0000,0.0000,0.0000,0.0000,0.0000,0.0000,0.0000,0.0000,0.0000,0.0000,0.0000,0.0000,0.0000,60.0000,60.0000,60.0000,60.0000,60.0000,60.0000,60.0000,60.0000,17.2932,15.0000,60.0000,60.0000,60.0000,60.0000,60.0000,60.0000,60.0000,60.0000,60.0000,60.0000,60.0000,60.0000,60.0000,60.0000,
5,6,f,Freeway,1.0000,420,540,8640,1800.0000,5400.0000,0.8000,0.0000,60.0000,22.2919,1.0000,2.6916,37,E,0,0.0000,8640,0.0000,0.0000,0.0000,0.0000,0.0000,0.0000,0.0000,0.0000,0.0000,0.0000,8640,0,0,0,8640,0,0,0,0,"<LineString><coordinates>29.871008,38.407951,0.0 41.138881,38.407951,0.0</coordinates></LineString>",5,6,0.0000,0.0000,0.0000,0.0000,0.0000,0.0000,0.0000,3901.0000,3600.0000,1139.0000,0.0000,0.0000,0.0000,0.0000,0.0000,0.0000,0.0000,0.0000,0.0000,0.0000,0.0000,0.0000,0.0000,0.0000,60.0000,60.0000,60.0000,60.0000,60.0000,60.0000,60.0000,47.6586,15.0577,15.0000,60.0000,60.0000,60.0000,60.0000,60.0000,60.0000,60.0000,60.0000,60.0000,60.0000,60.0000,60.0000,60.0000,60.0000,
6,7,f,Freeway,1.0000,420,540,8640,1800.0000,5400.0000,0.8000,0.0000,60.0000,19.5673,1.0000,3.0663,33,E,0,0.0000,8640,0.0000,0.0000,0.0000,0.0000,0.0000,0.0000,0.0000,0.0000,0.0000,0.0000,8640,0,0,0,8640,0,0,0,0,"<LineString><coordinates>41.138881,38.407951,0.0 51.391630,38.407951,0.0</coordinates></LineString>",6,7,0.0000,0.0000,0.0000,0.0000,0.0000,0.0000,0.0000,3661.0000,3600.0000,1379.0000,0.0000,0.0000,0.0000,0.0000,0.0000,0.0000,0.0000,0.0000,0.0000,0.0000,0.0000,0.0000,0.0000,0.0000,60.0000,60.0000,60.0000,60.0000,60.0000,60.0000,60.0000,31.1055,15.0000,15.0000,60.0000,60.0000,60.0000,60.0000,60.0000,60.0000,60.0000,60.0000,60.0000,60.0000,60.0000,60.0000,60.0000,60.0000,
7,8,f,Freeway,1.0000,420,540,8640,1800.0000,5400.0000,0.8000,0.0000,60.0000,17.4361,1.0000,3.4411,29,F,0,0.0000,8640,0.0000,0.0000,0.0000,0.0000,0.0000,0.0000,0.0000,0.0000,0.0000,0.0000,8640,0,0,0,8640,0,0,0,0,"<LineString><coordinates>51.391630,38.407951,0.0 62.557990,38.407951,0.0</coordinates></LineString>",7,8,0.0000,0.0000,0.0000,0.0000,0.0000,0.0000,0.0000,3421.0000,3600.0000,1619.0000,0.0000,0.0000,0.0000,0.0000,0.0000,0.0000,0.0000,0.0000,0.0000,0.0000,0.0000,0.0000,0.0000,0.0000,60.0000,60.0000,60.0000,60.0000,60.0000,60.0000,60.0000,22.3973,15.0000,15.0000,60.0000,60.0000,60.0000,60.0000,60.0000,60.0000,60.0000,60.0000,60.0000,60.0000,60.0000,60.0000,60.0000,60.0000,
8,9,f,Freeway,1.0000,420,540,8640,1800.0000,5400.0000,0.8000,0.0000,60.0000,15.7236,1.0000,3.8159,26,F,0,0.0000,8640,0.0000,0.0000,0.0000,0.0000,0.0000,0.0000,0.0000,0.0000,0.0000,0.0000,8640,0,0,0,8640,0,0,0,0,"<LineString><coordinates>62.557990,38.407951,0.0 71.795615,38.407951,0.0</coordinates></LineString>",8,9,0.0000,0.0000,0.0000,0.0000,0.0000,0.0000,0.0000,3181.0000,3600.0000,1859.0000,0.0000,0.0000,0.0000,0.0000,0.0000,0.0000,0.0000,0.0000,0.0000,0.0000,0.0000,0.0000,0.0000,0.0000,60.0000,60.0000,60.0000,60.0000,60.0000,60.0000,60.0000,16.9767,15.0000,15.0000,60.0000,60.0000,60.0000,60.0000,60.0000,60.0000,60.0000,60.0000,60.0000,60.0000,60.0000,60.0000,60.0000,60.0000,
10,11,f,Freeway,1.0000,420,540,8640,1800.0000,3600.0000,1.2000,0.0000,60.0000,60.0000,1.0000,1.0000,100,A,0,0.0000,8640,0.0000,0.0000,0.0000,0.0000,0.0000,0.0000,0.0000,0.0000,0.0000,0.0000,8640,0,0,0,8640,0,0,0,0,"<LineString><coordinates>80.525679,38.407951,0.0 88.646668,38.407951,0.0</coordinates></LineString>",10,11,0.0000,0.0000,0.0000,0.0000,0.0000,0.0000,0.0000,3061.0000,3600.0000,1979.0000,0.0000,0.0000,0.0000,0.0000,0.0000,0.0000,0.0000,0.0000,0.0000,0.0000,0.0000,0.0000,0.0000,0.0000,60.0000,60.0000,60.0000,60.0000,60.0000,60.0000,60.0000,60.0000,60.0000,60.0000,60.0000,60.0000,60.0000,60.0000,60.0000,60.0000,60.0000,60.0000,60.0000,60.0000,60.0000,60.0000,60.0000,60.0000,
11,12,f,Freeway,1.0000,420,540,8640,1800.0000,5400.0000,0.8000,0.0000,60.0000,60.0000,1.0000,1.0000,100,A,0,0.0000,8640,0.0000,0.0000,0.0000,0.0000,0.0000,0.0000,0.0000,0.0000,0.0000,0.0000,8640,0,0,0,8640,0,0,0,0,"<LineString><coordinates>88.646668,38.407951,0.0 92.402626,31.505110,0.0</coordinates></LineString>",11,12,0.0000,0.0000,0.0000,0.0000,0.0000,0.0000,0.0000,3001.0000,3600.0000,2039.0000,0.0000,0.0000,0.0000,0.0000,0.0000,0.0000,0.0000,0.0000,0.0000,0.0000,0.0000,0.0000,0.0000,0.0000,60.0000,60.0000,60.0000,60.0000,60.0000,60.0000,60.0000,60.0000,60.0000,60.0000,60.0000,60.0000,60.0000,60.0000,60.0000,60.0000,60.0000,60.0000,60.0000,60.0000,60.0000,60.0000,60.0000,60.0000,
9,10,f,Freeway,1.0000,420,540,8640,1800.0000,3600.0000,1.2000,0.0000,60.0000,60.0000,1.0000,1.0000,100,A,0,0.0000,8640,0.0000,0.0000,0.0000,0.0000,0.0000,0.0000,0.0000,0.0000,0.0000,0.0000,8640,0,0,0,8640,0,0,0,0,"<LineString><coordinates>71.795615,38.407951,0.0 80.525679,38.407951,0.0</coordinates></LineString>",9,10,0.0000,0.0000,0.0000,0.0000,0.0000,0.0000,0.0000,3121.0000,3600.0000,1919.0000,0.0000,0.0000,0.0000,0.0000,0.0000,0.0000,0.0000,0.0000,0.0000,0.0000,0.0000,0.0000,0.0000,0.0000,60.0000,60.0000,60.0000,60.0000,60.0000,60.0000,60.0000,60.0000,60.0000,60.0000,60.0000,60.0000,60.0000,60.0000,60.0000,60.0000,60.0000,60.0000,60.0000,60.0000,60.0000,60.0000,60.0000,60.0000,
12,2,f,Freeway,1.0000,420,540,8640,1800.0000,5400.0000,0.8000,0.0000,60.0000,59.9889,1.0000,1.0002,100,A,0,0.0000,8640,0.0000,0.0000,0.0000,0.0000,0.0000,0.0000,0.0000,0.0000,0.0000,0.0000,8640,0,0,0,8640,0,0,0,0,"<LineString><coordinates>92.402626,31.505110,0.0 96.767658,23.790170,0.0</coordinates></LineString>",12,2,0.0000,0.0000,0.0000,0.0000,0.0000,0.0000,0.0000,2941.0000,3600.0000,2099.0000,0.0000,0.0000,0.0000,0.0000,0.0000,0.0000,0.0000,0.0000,0.0000,0.0000,0.0000,0.0000,0.0000,0.0000,60.0000,60.0000,60.0000,60.0000,60.0000,60.0000,60.0000,59.9679,60.0000,60.0000,60.0000,60.0000,60.0000,60.0000,60.0000,60.0000,60.0000,60.0000,60.0000,60.0000,60.0000,60.0000,60.0000,60.0000,


--MOE Group 9--
Detailed Data:,output_ODMOE.csv
from_zone_id,to_zone_id,number_of_agents,number_of_agents_completing_trips,trip_time_in_min,distance
1,2,8640,8640,23.0333,11.0000
