zone_id,geometry
1,"<Polygon><outerBoundaryIs><LinearRing><coordinates></coordinates></LinearRing></outerBoundaryIs></Polygon>"
2,"<Polygon><outerBoundaryIs><LinearRing><coordinates></coordinates></LinearRing></outerBoundaryIs></Polygon>"
38,"<Polygon><outerBoundaryIs><LinearRing><coordinates></coordinates></LinearRing></outerBoundaryIs></Polygon>"
39,"<Polygon><outerBoundaryIs><LinearRing><coordinates></coordinates></LinearRing></outerBoundaryIs></Polygon>"
40,"<Polygon><outerBoundaryIs><LinearRing><coordinates></coordinates></LinearRing></outerBoundaryIs></Polygon>"
41,"<Polygon><outerBoundaryIs><LinearRing><coordinates></coordinates></LinearRing></outerBoundaryIs></Polygon>"
