zone_id,total_production_capacity,total_production,avg_production_distance,total_attraction_capacity,total_attraction,avg_attraction_distance,geometry
20,3600.000000,1268,0.744201,3600.000000,227,0.720638,"<Polygon><outerBoundaryIs><LinearRing><coordinates>-111.830105,40.757311,0.0 -111.830611,40.757917,0.0 -111.830115,40.758670,0.0 -111.829178,40.757614,0.0 -111.830087,40.757329,0.0 -111.830105,40.757311,0.0"</coordinates></LinearRing></outerBoundaryIs></Polygon>"
4023,2400.000000,620,0.778919,2400.000000,311,0.793343,"<Polygon><outerBoundaryIs><LinearRing><coordinates>-111.825550,40.751423,0.0 -111.825467,40.750431,0.0 -111.824751,40.749536,0.0 -111.824461,40.751644,0.0 -111.825536,40.751410,0.0 -111.825550,40.751423,0.0"</coordinates></LinearRing></outerBoundaryIs></Polygon>"
4136,3600.000000,415,0.934374,3600.000000,2394,0.838518,"<Polygon><outerBoundaryIs><LinearRing><coordinates>-111.831157,40.746381,0.0 -111.830124,40.746381,0.0 -111.829435,40.745471,0.0 -111.831763,40.745582,0.0 -111.831157,40.746367,0.0 -111.831157,40.746381,0.0"</coordinates></LinearRing></outerBoundaryIs></Polygon>"
4147,2400.000000,1264,0.755932,2400.000000,274,0.582656,"<Polygon><outerBoundaryIs><LinearRing><coordinates>-111.833585,40.759194,0.0 -111.834511,40.759872,0.0 -111.834062,40.760937,0.0 -111.832695,40.760084,0.0 -111.833589,40.759198,0.0 -111.833585,40.759194,0.0"</coordinates></LinearRing></outerBoundaryIs></Polygon>"
5076,3600.000000,677,0.794836,3600.000000,1101,0.693222,"<Polygon><outerBoundaryIs><LinearRing><coordinates>-111.839323,40.759304,0.0 -111.838569,40.758735,0.0 -111.838928,40.758064,0.0 -111.840195,40.758092,0.0 -111.839313,40.759286,0.0 -111.839323,40.759304,0.0"</coordinates></LinearRing></outerBoundaryIs></Polygon>"
9715,2400.000000,433,0.794755,2400.000000,627,0.806702,"<Polygon><outerBoundaryIs><LinearRing><coordinates>-111.835649,40.750183,0.0 -111.835690,40.751299,0.0 -111.836723,40.751795,0.0 -111.836985,40.749922,0.0 -111.835676,40.750183,0.0 -111.835649,40.750183,0.0"</coordinates></LinearRing></outerBoundaryIs></Polygon>"
20020,2400.000000,192,0.638351,1200.000000,59,0.492997,"<Polygon><outerBoundaryIs><LinearRing><coordinates>-111.834294,40.754298,0.0 -111.834680,40.754895,0.0 -111.835644,40.754748,0.0 -111.835249,40.753600,0.0 -111.834303,40.754289,0.0 -111.834294,40.754298,0.0"</coordinates></LinearRing></outerBoundaryIs></Polygon>"
20021,1200.000000,238,0.649229,1200.000000,114,0.470600,"<Polygon><outerBoundaryIs><LinearRing><coordinates>-111.836581,40.756243,0.0 -111.837199,40.756781,0.0 -111.838038,40.756396,0.0 -111.837077,40.755569,0.0 -111.836587,40.756243,0.0 -111.836581,40.756243,0.0"</coordinates></LinearRing></outerBoundaryIs></Polygon>"
