DTALite:
A Fast Open Source DTA Engine
Software Version =,1.1.0
Release Date=,May  4 2016
Simulation Date =,year: 2016,month:10,day:7,hour:11,min:53
----------------------test1----------------------
Signal Control Representation =,Continuous Flow with Link Capacity Constraint
Traffic Flow Model =,Point Queue Model
Assignment method=,MSA
 

User Defined Assignment Intervals==,28

# of Nodes=,4
# of Link Types=,12
# of Links=,5
# of Prohibited Movements=,0
# of Pretimed Signals=,0
# of Actuated Signals=,0
# of Zones=,2
# of Activity Locations=,2
# of Vehicle Types=,5
# of Demand Types=,4
# of Sensor Records=,0
Demand Load Mode=,demand meta databaseReading demand file,input_demand.csv,cumulative # of agents=,1800,


Demand multiplier in input_scenario_settings.csv file=,1
# of Vehicles to be simulated=,900
# of Intra-zone Vehicles (not be simulated)=,0
Starting Time of Demand Loading (min)=,930
Ending Time of Demand Loading (min)=,1050
Output Emission data=,YES
Output second by second speed data=,NO
Vehicle ID with second by second speed data=,0

--Link Type Statistics--
link_type,link_type_name,link_type_code,number_of_links,avg_lane_capacity,avg_number_of_lanes,avg_speed_limit,avg_link_length,avg_K_jam,total_link_length,
1,Freeway,f,5,1900,1,65,19.1884,180,95.9418,
2,Highway,h,0,0,0,0,0,0,0,
3,Principal�arterial,a,0,0,0,0,0,0,0,
4,Major arterial,a,0,0,0,0,0,0,0,
5,Minor arterial,a,0,0,0,0,0,0,0,
6,Collector,a,0,0,0,0,0,0,0,
7,Local,a,0,0,0,0,0,0,0,
8,Frontage road,a,0,0,0,0,0,0,0,
9,Ramp,r,0,0,0,0,0,0,0,
10,Zonal connector,c,0,0,0,0,0,0,0,
100,Transit link,t,0,0,0,0,0,0,0,
200,Walking link,w,0,0,0,0,0,0,0,
# of demand type code based toll records=0
# of link-based toll records=0
# of work zone records=0
# of VMS records=0
Assignment method=,Zone-based routing
Iteration #,CPU Running Time,Per Iteration CPU Running Time,# of agents,Avg Travel Time (min),Avg Waiting Time at Origin (min),Avg Trip Time Index=(Mean TT/Free-flow TT),Avg Distance,Avg Speed,Avg CO (g),% considering to switch,% switched,% completing trips,network clearance time (in min),Avg User Equilibirum (UE) gap (min),Relative UE gap (%),ODME: number of data points,ODME: Absolute link count error,ODME: % link count error,ODME: slope =observed/estimated link count,ODME: r_squared link count,travel_time_15:30,travel_time_15:45,travel_time_16:00,travel_time_16:15,travel_time_16:30,travel_time_16:45,travel_time_17:00,travel_time_17:15,Avg UE gap_15:30,Avg UE gap_15:45,Avg UE gap_16:00,Avg UE gap_16:15,Avg UE gap_16:30,Avg UE gap_16:45,Avg UE gap_17:00,Avg UE gap_17:15,Relative UE gap_15:30,Relative UE gap_15:45,Relative UE gap_16:00,Relative UE gap_16:15,Relative UE gap_16:30,Relative UE gap_16:45,Relative UE gap_17:00,Relative UE gap_17:15,
1,00:00:04,00:00:04,900,33.1096,0,1.00093,35.7813,64.8414,35446.4,100,100,100,1440, , , , , , , ,33.1179,33.1,33.1179,33.1,33.1212,33.1009,33.1204,33.1009, , , , , , , , , , , , , , , , ,
2,00:00:08,00:00:04,900,33.1096,0,1.00093,35.7813,64.8414,35446.4,5,5,100,1440, ,0, , , , , ,33.1179,33.1,33.1179,33.1,33.1212,33.1009,33.1204,33.1009,0,0,0,0,0,0,0,0,0,0,0,0,0,0,0,0,
3,00:00:13,00:00:05,900,33.1096,0,1.00093,35.7813,64.8414,35446.4,4.88889,4.88889,100,1440, ,0, , , , , ,33.1179,33.1,33.1179,33.1,33.1212,33.1009,33.1204,33.1009,0,0,0,0,0,0,0,0,0,0,0,0,0,0,0,0,
4,00:00:17,00:00:04,900,33.1096,0,1.00093,35.7813,64.8414,35446.4,5.22222,5.22222,100,1440, ,0, , , , , ,33.1179,33.1,33.1179,33.1,33.1212,33.1009,33.1204,33.1009,0,0,0,0,0,0,0,0,0,0,0,0,0,0,0,0,
5,00:00:22,00:00:05,900,33.1096,0,1.00093,35.7813,64.8414,35446.4,5.11111,5.11111,100,1440, ,0, , , , , ,33.1179,33.1,33.1179,33.1,33.1212,33.1009,33.1204,33.1009,0,0,0,0,0,0,0,0,0,0,0,0,0,0,0,0,


--Time Dependent Network MOE--,60 min interval
time_stamp_in_min,time_clock,cumulative_in_flow_count,cumulative_out_flow_count,number_vehicles_in_network,number_vehicles_entering_network,total_vehicle_mile_traveled,avg_trip_time (departure_time_based),avg_trip_time_index = trip time/FFTT,avg_distance,avg_speed,
900,15:00,0,0,0,0,40254,33.0589,1.00091,35.7814,64.941,

--Time Dependent Network MOE--,30 min interval
time_stamp_in_min,time_clock,cumulative_in_flow_count,cumulative_out_flow_count,number_vehicles_in_network,number_vehicles_entering_network,total_vehicle_mile_traveled,avg_trip_time (departure_time_based),avg_trip_time_index = trip time/FFTT,avg_distance,avg_speed,
930,15:30,7,0,7,7,40254,33.0589,1.00091,35.7814,64.941,
960,16:00,232,0,232,225,40254,33.0589,1.00091,35.7814,64.9411,
990,16:30,458,209,249,226,40254,33.0611,1.00097,35.7814,64.9368,
1020,17:00,683,434,249,225,40254,33.0606,1.00096,35.7814,64.9378,
1050,17:30,900,659,241,217,0,0,0,0,0,
1080,18:00,900,885,15,0,0,0,0,0,0,

--Time Dependent Network MOE--,15 min interval
time_stamp_in_min,time_clock,cumulative_in_flow_count,cumulative_out_flow_count,number_vehicles_in_network,number_vehicles_entering_network,total_vehicle_mile_traveled,avg_trip_time (departure_time_based),avg_trip_time_index = trip time/FFTT,avg_distance,avg_speed,
930,15:30,7,0,7,7,20037.6,33.0598,1.00094,35.7814,64.9393,
945,15:45,120,0,120,113,20216.5,33.058,1.00088,35.7814,64.9428,
960,16:00,232,0,232,112,20037.6,33.0592,1.00092,35.7814,64.9405,
975,16:15,345,96,249,113,20216.5,33.0586,1.0009,35.7814,64.9417,
990,16:30,458,209,249,113,20216.5,33.0626,1.00102,35.7814,64.9338,
1005,16:45,570,322,248,112,20037.6,33.0595,1.00093,35.7814,64.9399,
1020,17:00,683,434,249,113,20216.5,33.0623,1.00101,35.7814,64.9344,
1035,17:15,795,547,248,112,20037.6,33.0589,1.00091,35.7814,64.9411,
1050,17:30,900,659,241,105,0,0,0,0,0,
1065,17:45,900,772,128,0,0,0,0,0,0,
1080,18:00,900,885,15,0,0,0,0,0,0,

--Time Dependent Network MOE--,5 min interval
time_stamp_in_min,time_clock,cumulative_in_flow_count,cumulative_out_flow_count,number_vehicles_in_network,number_vehicles_entering_network,total_vehicle_mile_traveled,avg_trip_time (departure_time_based),avg_trip_time_index = trip time/FFTT,avg_distance,avg_speed,
930,15:30,7,0,7,7,6619.55,33.0695,1.00123,35.7814,64.9204,
935,15:35,45,0,45,38,6798.46,33.0619,1.001,35.7814,64.9353,
940,15:40,82,0,82,37,6619.55,33.0481,1.00058,35.7814,64.9623,
945,15:45,120,0,120,38,6798.46,33.0519,1.0007,35.7814,64.9549,
950,15:50,157,0,157,37,6619.55,33.0592,1.00092,35.7814,64.9405,
955,15:55,195,0,195,38,6798.46,33.063,1.00103,35.7814,64.9331,
960,16:00,232,0,232,37,6619.55,33.0703,1.00125,35.7814,64.9187,
965,16:05,270,21,249,38,6798.46,33.061,1.00097,35.7814,64.9371,
970,16:10,307,59,248,37,6619.55,33.0463,1.00053,35.7814,64.9659,
975,16:15,345,96,249,38,6798.46,33.0536,1.00075,35.7814,64.9515,
980,16:20,382,134,248,37,6619.55,33.0574,1.00086,35.7814,64.9441,
985,16:25,420,171,249,38,6798.46,33.0647,1.00108,35.7814,64.9297,
990,16:30,458,209,249,38,6798.46,33.0695,1.00123,35.7814,64.9204,
995,16:35,495,246,249,37,6619.55,33.0642,1.00107,35.7814,64.9307,
1000,16:40,533,284,249,38,6798.46,33.0543,1.00077,35.7814,64.9503,
1005,16:45,570,322,248,37,6619.55,33.0564,1.00083,35.7814,64.9461,
1010,16:50,608,359,249,38,6798.46,33.0575,1.00086,35.7814,64.9439,
1015,16:55,645,397,248,37,6619.55,33.0648,1.00109,35.7814,64.9296,
1020,17:00,683,434,249,38,6798.46,33.0686,1.0012,35.7814,64.9222,
1025,17:05,720,472,248,37,6619.55,33.0651,1.00109,35.7814,64.929,
1030,17:10,758,509,249,38,6798.46,33.0533,1.00074,35.7814,64.952,
1035,17:15,795,547,248,37,6619.55,33.0546,1.00078,35.7814,64.9497,
1040,17:20,833,584,249,38,6798.46,33.0592,1.00092,35.7814,64.9406,
1045,17:25,870,622,248,37,6619.55,33.063,1.00103,35.7814,64.9332,
1050,17:30,900,659,241,30,0,0,0,0,0,
1055,17:35,900,697,203,0,0,0,0,0,0,
1060,17:40,900,734,166,0,0,0,0,0,0,
1065,17:45,900,772,128,0,0,0,0,0,0,
1070,17:50,900,810,90,0,0,0,0,0,0,
1075,17:55,900,847,53,0,0,0,0,0,0,
1080,18:00,900,885,15,0,0,0,0,0,0,
Unit of output:
travel time=,min
travel Cost=,dollar
distance=,miles
speed=,mph
energy=,1000 joule
CO2=,gram


--MOE Group 1--
 , , , , , , , , , , , , , , , , , , , ,
,#_of_vehicles,avg_distance,avg_travel_time,avg_speed,avg_toll_cost,avg_energy_K_joule,avg_CO2_gram,avg_NOX_gram,avg_CO_gram,avg_HC_gram,avg_PM_gram,avg_PM2_5_gram,avg_energy_K_joule_per_mile,avg_CO2_gram_per_mile,avg_NOX_gram_per_mile,avg_CO_gram_per_mile,avg_HC_gram_per_mile,avg_PM_gram_per_mile,avg_PM2_5_gram_per_mile,avg_MilesPerGallon,
network,900,35.7813,33.0599,64.939,0,0,0,0,35407.2,0,0,0,0,0,0,989.547,0,0,0,0,


--MOE Group 2--
 , , , , , , , , , , , , , , , , , , , ,
,#_of_vehicles,avg_distance,avg_travel_time,avg_speed,avg_toll_cost,avg_energy_K_joule,avg_CO2_gram,avg_NOX_gram,avg_CO_gram,avg_HC_gram,avg_PM_gram,avg_PM2_5_gram,avg_energy_K_joule_per_mile,avg_CO2_gram_per_mile,avg_NOX_gram_per_mile,avg_CO_gram_per_mile,avg_HC_gram_per_mile,avg_PM_gram_per_mile,avg_PM2_5_gram_per_mile,avg_MilesPerGallon,
sov,900,35.7813,33.0599,64.939,0,0,0,0,35407.2,0,0,0,0,0,0,989.547,0,0,0,0,
hov,0,0,0,0,0,0,0,0,0,0,0,0,0,0,0,0,0,0,0,0,
truck,0,0,0,0,0,0,0,0,0,0,0,0,0,0,0,0,0,0,0,0,
intermodal,0,0,0,0,0,0,0,0,0,0,0,0,0,0,0,0,0,0,0,0,


--MOE Group 3--
 , , , , , , , , , , , , , , , , , , , ,
,#_of_vehicles,avg_distance,avg_travel_time,avg_speed,avg_toll_cost,avg_energy_K_joule,avg_CO2_gram,avg_NOX_gram,avg_CO_gram,avg_HC_gram,avg_PM_gram,avg_PM2_5_gram,avg_energy_K_joule_per_mile,avg_CO2_gram_per_mile,avg_NOX_gram_per_mile,avg_CO_gram_per_mile,avg_HC_gram_per_mile,avg_PM_gram_per_mile,avg_PM2_5_gram_per_mile,avg_MilesPerGallon,
passenger_car,900,35.7813,33.0599,64.939,0,0,0,0,35407.2,0,0,0,0,0,0,989.547,0,0,0,0,
passenger_truck,0,0,0,0,0,0,0,0,0,0,0,0,0,0,0,0,0,0,0,0,
light_commercial,0,0,0,0,0,0,0,0,0,0,0,0,0,0,0,0,0,0,0,0,
single_unit_long_truck,0,0,0,0,0,0,0,0,0,0,0,0,0,0,0,0,0,0,0,0,
combination_long_truck,0,0,0,0,0,0,0,0,0,0,0,0,0,0,0,0,0,0,0,0,


--MOE Group 4--
 , , , , , , , , , , , , , , , , , , , ,
,#_of_vehicles,avg_distance,avg_travel_time,avg_speed,avg_toll_cost,avg_energy_K_joule,avg_CO2_gram,avg_NOX_gram,avg_CO_gram,avg_HC_gram,avg_PM_gram,avg_PM2_5_gram,avg_energy_K_joule_per_mile,avg_CO2_gram_per_mile,avg_NOX_gram_per_mile,avg_CO_gram_per_mile,avg_HC_gram_per_mile,avg_PM_gram_per_mile,avg_PM2_5_gram_per_mile,avg_MilesPerGallon,
OD1,900,35.7813,33.0599,64.939,0,0,0,0,35407.2,0,0,0,0,0,0,989.547,0,0,0,0,
OD2,900,35.7813,33.0599,64.939,0,0,0,0,35407.2,0,0,0,0,0,0,989.547,0,0,0,0,


--MOE Group 5--
 , , , , , , , , , , , , , , , , , , , ,
,#_of_vehicles,avg_distance,avg_travel_time,avg_speed,avg_toll_cost,avg_energy_K_joule,avg_CO2_gram,avg_NOX_gram,avg_CO_gram,avg_HC_gram,avg_PM_gram,avg_PM2_5_gram,avg_energy_K_joule_per_mile,avg_CO2_gram_per_mile,avg_NOX_gram_per_mile,avg_CO_gram_per_mile,avg_HC_gram_per_mile,avg_PM_gram_per_mile,avg_PM2_5_gram_per_mile,avg_MilesPerGallon,
link_48_41_ NB freeway,0,0,0,0,0,0,0,0,0,0,0,0,0,0,0,0,0,0,0,0,
link_39_44_NB freeway,0,0,0,0,0,0,0,0,0,0,0,0,0,0,0,0,0,0,0,0,


--MOE Group 6--
 , , , , , , , , , , , , , , , , , , , ,
,#_of_vehicles,avg_distance,avg_travel_time,avg_speed,avg_toll_cost,avg_energy_K_joule,avg_CO2_gram,avg_NOX_gram,avg_CO_gram,avg_HC_gram,avg_PM_gram,avg_PM2_5_gram,avg_energy_K_joule_per_mile,avg_CO2_gram_per_mile,avg_NOX_gram_per_mile,avg_CO_gram_per_mile,avg_HC_gram_per_mile,avg_PM_gram_per_mile,avg_PM2_5_gram_per_mile,avg_MilesPerGallon,
'Path1_Major freeway route,900,35.7813,33.0599,64.939,0,0,0,0,35407.2,0,0,0,0,0,0,989.547,0,0,0,0,


--MOE Group 7--
Detailed Data:,output_NetworkTDMOE.csv
time_stamp_in_min,cumulative_in_flow_count,cumulative_out_flow_count,number_of_vehicles_in_network,flow_in_a_min,avg_trip_time_in_min
930,7,0,7,35,33.0673,
931,15,0,15,40,33.0684,
932,22,0,22,35,33.0695,
933,30,0,30,40,33.0706,
934,37,0,37,35,33.0717,
935,45,0,45,40,33.0728,
936,52,0,52,35,33.0739,
937,60,0,60,40,33.075,
938,67,0,67,35,33.0476,
939,75,0,75,40,33.0397,
940,82,0,82,35,33.0498,
941,90,0,90,40,33.042,
942,97,0,97,35,33.052,
943,105,0,105,40,33.0442,
944,112,0,112,35,33.0542,
945,120,0,120,40,33.0464,
946,127,0,127,35,33.0564,
947,135,0,135,40,33.0486,
948,142,0,142,35,33.0587,
949,150,0,150,40,33.0508,
950,157,0,157,35,33.0609,
951,165,0,165,40,33.0531,
952,172,0,172,35,33.0631,
953,180,0,180,40,33.0553,
954,187,0,187,35,33.0653,
955,195,0,195,40,33.0575,
956,202,0,202,35,33.0675,
957,210,0,210,40,33.0597,
958,217,0,217,35,33.0698,
959,225,0,225,40,33.062,
960,232,0,232,35,33.072,
961,240,0,240,40,33.0642,
962,247,0,247,35,33.0742,
963,255,6,249,40,33.0664,
964,262,14,248,35,33.0764,
965,270,21,249,40,33.0686,
966,277,29,248,35,33.0786,
967,285,36,249,40,33.0708,
968,292,44,248,35,33.038,
969,300,51,249,40,33.048,
970,307,59,248,35,33.0402,
971,315,66,249,40,33.0503,
972,322,74,248,35,33.0424,
973,330,81,249,40,33.0525,
974,337,89,248,35,33.0447,
975,345,96,249,40,33.0547,
976,352,104,248,35,33.0469,
977,360,111,249,40,33.0569,
978,367,119,248,35,33.0491,
979,375,126,249,40,33.0591,
980,382,134,248,35,33.0513,
981,390,141,249,40,33.0614,
982,397,149,248,35,33.0535,
983,405,156,249,40,33.0636,
984,412,164,248,35,33.0558,
985,420,171,249,40,33.0658,
986,427,179,248,35,33.058,
987,435,186,249,40,33.068,
988,442,194,248,35,33.0602,
989,450,201,249,40,33.0702,
990,458,209,249,40,33.0673,
991,465,216,249,35,33.0684,
992,473,224,249,40,33.0695,
993,480,231,249,35,33.0706,
994,488,239,249,40,33.0717,
995,495,246,249,35,33.0728,
996,503,254,249,40,33.0739,
997,510,261,249,35,33.075,
998,518,269,249,40,33.0511,
999,525,276,249,35,33.0487,
1000,533,284,249,40,33.0533,
1001,540,292,248,35,33.0509,
1002,548,299,249,40,33.0556,
1003,555,307,248,35,33.0531,
1004,563,314,249,40,33.0578,
1005,570,322,248,35,33.0553,
1006,578,329,249,40,33.06,
1007,585,337,248,35,33.0575,
1008,593,344,249,40,33.0497,
1009,600,352,248,35,33.0598,
1010,608,359,249,40,33.0519,
1011,615,367,248,35,33.062,
1012,623,374,249,40,33.0542,
1013,630,382,248,35,33.0642,
1014,638,389,249,40,33.0564,
1015,645,397,248,35,33.0664,
1016,653,404,249,40,33.0586,
1017,660,412,248,35,33.0686,
1018,668,419,249,40,33.0608,
1019,675,427,248,35,33.0709,
1020,683,434,249,40,33.063,
1021,690,442,248,35,33.0731,
1022,698,449,249,40,33.0653,
1023,705,457,248,35,33.0753,
1024,713,464,249,40,33.0675,
1025,720,472,248,35,33.0775,
1026,728,479,249,40,33.0697,
1027,735,487,248,35,33.0797,
1028,743,494,249,40,33.047,
1029,750,502,248,35,33.0534,
1030,758,509,249,40,33.0491,
1031,765,517,248,35,33.0556,
1032,773,524,249,40,33.0513,
1033,780,532,248,35,33.0579,
1034,788,539,249,40,33.0536,
1035,795,547,248,35,33.0601,
1036,803,554,249,40,33.0558,
1037,810,562,248,35,33.048,
1038,818,569,249,40,33.0581,
1039,825,577,248,35,33.0502,
1040,833,584,249,40,33.0603,
1041,840,592,248,35,33.0524,
1042,848,599,249,40,33.0625,
1043,855,607,248,35,33.0547,
1044,863,614,249,40,33.0647,
1045,870,622,248,35,33.0569,
1046,878,629,249,40,33.0669,
1047,885,637,248,35,33.0591,
1048,893,644,249,40,33.0692,
1049,900,652,248,35,33.0613,
1050,900,659,241,0,0,
1051,900,667,233,0,0,
1052,900,674,226,0,0,
1053,900,682,218,0,0,
1054,900,689,211,0,0,
1055,900,697,203,0,0,
1056,900,704,196,0,0,
1057,900,712,188,0,0,
1058,900,719,181,0,0,
1059,900,727,173,0,0,
1060,900,734,166,0,0,
1061,900,742,158,0,0,
1062,900,750,150,0,0,
1063,900,757,143,0,0,
1064,900,765,135,0,0,
1065,900,772,128,0,0,
1066,900,780,120,0,0,
1067,900,787,113,0,0,
1068,900,795,105,0,0,
1069,900,802,98,0,0,
1070,900,810,90,0,0,
1071,900,817,83,0,0,
1072,900,825,75,0,0,
1073,900,832,68,0,0,
1074,900,840,60,0,0,
1075,900,847,53,0,0,
1076,900,855,45,0,0,
1077,900,862,38,0,0,
1078,900,870,30,0,0,
1079,900,877,23,0,0,
1080,900,885,15,0,0,
1081,900,892,8,0,0,
1082,900,900,0,0,0,


--MOE Group 8--
Detailed Data:,output_LinkMOE.csv
from_node_id,to_node_id,type_code,link_type,link_length,start_time_in_min,end_time_in_min,total_link_volume,lane_capacity_in_vhc_per_hour,link_capacity_in_vhc_per_hour,volume_over_capacity_ratio,avg_waiting_time_on_loading_buffer_(min), speed_limit,speed,free-flow_travel_time,travel_time,percentage_of_speed_limit, level_of_service, sensor_data_flag, sensor_link_volume, simulated_link_volume, measurement_error, abs_measurement_error_percentage, simulated_AADT, TotalEnergy_(J / hr), CO2_(g / hr), NOX_(g / hr), CO_(g / hr), HC_(g / hr, PM_(g / hr), PM_2_5(g / hr),sov_volume, hov_volume, truck_volume, intermodal_volume,passenger car,passenger truck,light commercial truck,single unit short-haul truck,combination long-haul truck,geometry, from_node_id,to_node_id,vol_h1,vol_h2,vol_h3,vol_h4,vol_h5,vol_h6,vol_h7,vol_h8,vol_h9,vol_h10,vol_h11,vol_h12,vol_h13,vol_h14,vol_h15,vol_h16,vol_h17,vol_h18,vol_h19,vol_h20,vol_h21,vol_h22,vol_h23,vol_h24,speed_h1,speed_h2,speed_h3,speed_h4,speed_h5,speed_h6,speed_h7,speed_h8,speed_h9,speed_h10,speed_h11,speed_h12,speed_h13,speed_h14,speed_h15,speed_h16,speed_h17,speed_h18,speed_h19,speed_h20,speed_h21,speed_h22,speed_h23,speed_h24,vol_d1,vol_d2,vol_d3,vol_d4,vol_d5,spd_d1,spd_d2,spd_d3,spd_d4,spd_d5,


--MOE Group 9--
Detailed Data:,output_ODMOE.csv
from_zone_id,to_zone_id,number_of_agents,number_of_agents_completing_trips,trip_time_in_min,distance
1,2,900,900,33.0599,35.7813
