DTALite:
A Fast Open Source DTA Engine
Software Version =,1.1.0
Release Date=,May 27 2016
Simulation Date =,year: 2016,month:06,day:4,hour:22,min:57
----------------------test1----------------------
Signal Control Representation =,Continuous Flow with Link Capacity Constraint
Traffic Flow Model =,Newell's Cumulative Flow Count Model
Assignment method=,MSA
 


# of Nodes=,40
# of Link Types=,12
# of Links=,48
# of Prohibited Movements=,0
# of Pretimed Signals=,3
# of Actuated Signals=,0
# of Zones=,2
# of Activity Locations=,2
# of Vehicle Types=,5
# of Demand Types=,4
# of Sensor Records=,0
Demand Load Mode=,demand meta databaseReading demand file,input_demand_1.csv,cumulative # of agents=,8000,
Reading demand file,input_demand_2.csv,cumulative # of agents=,8640,


Demand multiplier in input_scenario_settings.csv file=,1
# of Vehicles to be simulated=,8640
# of Intra-zone Vehicles (not be simulated)=,0
Starting Time of Demand Loading (min)=,420
Ending Time of Demand Loading (min)=,540
Output Emission data=,NO

--Link Type Statistics--
link_type,link_type_name,link_type_code,number_of_links,avg_lane_capacity,avg_number_of_lanes,avg_speed_limit,avg_link_length,avg_K_jam,total_link_length,
1,Freeway,f,38,1800,2.94737,61.3158,1.33202,180,50.6166,
2,Highway,h,0,0,0,0,0,0,0,
3,Principal�arterial,a,0,0,0,0,0,0,0,
4,Major arterial,a,9,1800,2.22222,41.6667,1.34537,180,12.1083,
5,Minor arterial,a,1,1800,2,30,2,180,2,
6,Collector,a,0,0,0,0,0,0,0,
7,Local,a,0,0,0,0,0,0,0,
8,Frontage road,a,0,0,0,0,0,0,0,
9,Ramp,r,0,0,0,0,0,0,0,
10,Zonal connector,c,0,0,0,0,0,0,0,
100,Transit link,t,0,0,0,0,0,0,0,
200,Walking link,w,0,0,0,0,0,0,0,
# of demand type code based toll records=0
# of link-based toll records=1
# of work zone records=0
# of VMS records=0
Assignment method=,Zone-based routing
Iteration #,CPU Running Time,Per Iteration CPU Running Time,# of agents,Avg Travel Time (min),Avg Waiting Time at Origin (min),Avg Trip Time Index=(Mean TT/Free-flow TT),Avg Distance,Avg Speed,Avg CO (g),% considering to switch,% switched,% completing trips,network clearance time (in min),Avg User Equilibirum (UE) gap (min),Relative UE gap (%),ODME: number of data points,ODME: Absolute link count error,ODME: % link count error,ODME: slope =observed/estimated link count,ODME: r_squared link count,travel_time_ 7:00,travel_time_ 7:15,travel_time_ 7:30,travel_time_ 7:45,travel_time_ 8:00,travel_time_ 8:15,travel_time_ 8:30,travel_time_ 8:45,Avg UE gap_ 7:00,Avg UE gap_ 7:15,Avg UE gap_ 7:30,Avg UE gap_ 7:45,Avg UE gap_ 8:00,Avg UE gap_ 8:15,Avg UE gap_ 8:30,Avg UE gap_ 8:45,Relative UE gap_ 7:00,Relative UE gap_ 7:15,Relative UE gap_ 7:30,Relative UE gap_ 7:45,Relative UE gap_ 8:00,Relative UE gap_ 8:15,Relative UE gap_ 8:30,Relative UE gap_ 8:45,
1,00:00:03,00:00:03,8640,14.5691,3.56277,1.52038,8.22222,33.8616,15425.2,100,100,100,840, , , , , , , ,12.776,14.3087,14.9103,14.9102,14.9104,14.9102,14.9102,14.9106, , , , , , , , , , , , , , , , ,


--Time Dependent Network MOE--,60 min interval
time_stamp_in_min,time_clock,cumulative_in_flow_count,cumulative_out_flow_count,number_vehicles_in_network,number_vehicles_entering_network,total_vehicle_mile_traveled,avg_trip_time (departure_time_based),avg_trip_time_index = trip time/FFTT,avg_distance,avg_speed,
420, 7:00,71,0,71,71,35520,15.042,1.26128,8.22222,32.7971,
480, 8:00,4392,3201,1191,4321,35520,21.2218,1.77947,8.22222,23.2465,
540, 9:00,8640,7122,1518,4248,0,0,0,0,0,

--Time Dependent Network MOE--,30 min interval
time_stamp_in_min,time_clock,cumulative_in_flow_count,cumulative_out_flow_count,number_vehicles_in_network,number_vehicles_entering_network,total_vehicle_mile_traveled,avg_trip_time (departure_time_based),avg_trip_time_index = trip time/FFTT,avg_distance,avg_speed,
420, 7:00,71,0,71,71,17760,13.497,1.13174,8.22222,36.5513,
450, 7:30,2231,1241,990,2160,17760,16.5869,1.39083,8.22222,29.7423,
480, 8:00,4392,3201,1191,2161,17760,19.6768,1.64992,8.22222,25.0718,
510, 8:30,6553,5161,1392,2161,17760,22.7668,1.90902,8.22222,21.6689,
540, 9:00,8640,7122,1518,2087,0,0,0,0,0,

--Time Dependent Network MOE--,15 min interval
time_stamp_in_min,time_clock,cumulative_in_flow_count,cumulative_out_flow_count,number_vehicles_in_network,number_vehicles_entering_network,total_vehicle_mile_traveled,avg_trip_time (departure_time_based),avg_trip_time_index = trip time/FFTT,avg_distance,avg_speed,
420, 7:00,71,0,71,71,8880,12.7245,1.06696,8.22222,38.7703,
435, 7:15,1151,261,890,1080,8880,14.2695,1.19651,8.22222,34.5726,
450, 7:30,2231,1241,990,1080,8880,15.8145,1.32606,8.22222,31.195,
465, 7:45,3312,2221,1091,1081,8880,17.3594,1.4556,8.22222,28.4188,
480, 8:00,4392,3201,1191,1080,8880,18.9043,1.58515,8.22222,26.0963,
495, 8:15,5472,4181,1291,1080,8880,20.4493,1.71469,8.22222,24.1247,
510, 8:30,6553,5161,1392,1081,8880,21.9942,1.84424,8.22222,22.4301,
525, 8:45,7633,6142,1491,1080,8880,23.5395,1.97381,8.22222,20.9577,
540, 9:00,8640,7122,1518,1007,0,0,0,0,0,
555, 9:15,8640,8075,565,0,0,0,0,0,0,

--Time Dependent Network MOE--,5 min interval
time_stamp_in_min,time_clock,cumulative_in_flow_count,cumulative_out_flow_count,number_vehicles_in_network,number_vehicles_entering_network,total_vehicle_mile_traveled,avg_trip_time (departure_time_based),avg_trip_time_index = trip time/FFTT,avg_distance,avg_speed,
420, 7:00,71,0,71,71,2950,12.2115,1.0238,8.21727,40.3747,
425, 7:05,432,0,432,361,2961,12.7223,1.06686,8.225,38.7902,
430, 7:10,791,0,791,359,2969,13.2369,1.11,8.22438,37.2793,
435, 7:15,1151,261,890,360,2950,13.7592,1.15356,8.21727,35.8331,
440, 7:20,1512,587,925,361,2961,14.2655,1.19627,8.225,34.5939,
445, 7:25,1871,914,957,359,2969,14.7808,1.23946,8.22438,33.3853,
450, 7:30,2231,1241,990,360,2950,15.3072,1.28335,8.21727,32.2094,
455, 7:35,2592,1568,1024,361,2961,15.8084,1.32566,8.225,31.2175,
460, 7:40,2952,1894,1058,360,2969,16.3251,1.36895,8.22438,30.2273,
465, 7:45,3312,2221,1091,360,2961,16.8382,1.41201,8.225,29.3084,
470, 7:50,3672,2548,1124,360,2958,17.3719,1.45642,8.21667,28.3792,
475, 7:55,4032,2874,1158,360,2961,17.8681,1.49837,8.225,27.6191,
480, 8:00,4392,3201,1191,360,2961,18.3814,1.54142,8.225,26.8478,
485, 8:05,4752,3528,1224,360,2958,18.9206,1.58626,8.21667,26.0562,
490, 8:10,5112,3855,1257,360,2961,19.411,1.62776,8.225,25.4237,
495, 8:15,5472,4181,1291,360,2961,19.9252,1.67087,8.225,24.7677,
500, 8:20,5832,4508,1324,360,2969,20.442,1.71418,8.22438,24.1397,
505, 8:25,6193,4835,1358,361,2950,20.9822,1.75913,8.21727,23.4978,
510, 8:30,6553,5161,1392,360,2969,21.4718,1.80054,8.22438,22.9819,
515, 8:35,6912,5488,1424,359,2961,21.9837,1.84349,8.225,22.4485,
520, 8:40,7273,5815,1458,361,2950,22.5302,1.88892,8.21727,21.8834,
525, 8:45,7633,6142,1491,360,2969,23.0152,1.92996,8.22438,21.4408,
530, 8:50,7992,6468,1524,359,2961,23.5277,1.97297,8.225,20.9753,
535, 8:55,8353,6795,1558,361,2950,24.0785,2.01872,8.21727,20.4762,
540, 9:00,8640,7122,1518,287,0,0,0,0,0,
545, 9:05,8640,7448,1192,0,0,0,0,0,0,
550, 9:10,8640,7775,865,0,0,0,0,0,0,
555, 9:15,8640,8075,565,0,0,0,0,0,0,
560, 9:20,8640,8375,265,0,0,0,0,0,0,
565, 9:25,8640,8640,0,0,0,0,0,0,0,
Unit of output:
travel time=,min
travel Cost=,dollar
distance=,miles
speed=,mph
energy=,1000 joule
CO2=,gram


--MOE Group 1--
 , , , , , , , , , , , , , , , , , , , ,
,#_of_vehicles,avg_distance,avg_travel_time,avg_speed,avg_toll_cost,avg_energy_K_joule,avg_CO2_gram,avg_NOX_gram,avg_CO_gram,avg_HC_gram,avg_PM_gram,avg_PM2_5_gram,avg_energy_K_joule_per_mile,avg_CO2_gram_per_mile,avg_NOX_gram_per_mile,avg_CO_gram_per_mile,avg_HC_gram_per_mile,avg_PM_gram_per_mile,avg_PM2_5_gram_per_mile,avg_MilesPerGallon,
network,8640,8.22222,18.1319,27.208,0,0,0,0,15429.9,0,0,0,0,0,0,1876.61,0,0,0,0,


--MOE Group 2--
 , , , , , , , , , , , , , , , , , , , ,
,#_of_vehicles,avg_distance,avg_travel_time,avg_speed,avg_toll_cost,avg_energy_K_joule,avg_CO2_gram,avg_NOX_gram,avg_CO_gram,avg_HC_gram,avg_PM_gram,avg_PM2_5_gram,avg_energy_K_joule_per_mile,avg_CO2_gram_per_mile,avg_NOX_gram_per_mile,avg_CO_gram_per_mile,avg_HC_gram_per_mile,avg_PM_gram_per_mile,avg_PM2_5_gram_per_mile,avg_MilesPerGallon,
sov,8000,8,18.7,25.6685,0,0,0,0,15719.2,0,0,0,0,0,0,1964.9,0,0,0,0,
hov,640,11,11.0306,59.8334,0,0,0,0,11813.8,0,0,0,0,0,0,1073.98,0,0,0,0,
truck,0,0,0,0,0,0,0,0,0,0,0,0,0,0,0,0,0,0,0,0,
intermodal,0,0,0,0,0,0,0,0,0,0,0,0,0,0,0,0,0,0,0,0,


--MOE Group 3--
 , , , , , , , , , , , , , , , , , , , ,
,#_of_vehicles,avg_distance,avg_travel_time,avg_speed,avg_toll_cost,avg_energy_K_joule,avg_CO2_gram,avg_NOX_gram,avg_CO_gram,avg_HC_gram,avg_PM_gram,avg_PM2_5_gram,avg_energy_K_joule_per_mile,avg_CO2_gram_per_mile,avg_NOX_gram_per_mile,avg_CO_gram_per_mile,avg_HC_gram_per_mile,avg_PM_gram_per_mile,avg_PM2_5_gram_per_mile,avg_MilesPerGallon,
passenger_car,8640,8.22222,18.1319,27.208,0,0,0,0,15429.9,0,0,0,0,0,0,1876.61,0,0,0,0,
passenger_truck,0,0,0,0,0,0,0,0,0,0,0,0,0,0,0,0,0,0,0,0,
light_commercial,0,0,0,0,0,0,0,0,0,0,0,0,0,0,0,0,0,0,0,0,
single_unit_long_truck,0,0,0,0,0,0,0,0,0,0,0,0,0,0,0,0,0,0,0,0,
combination_long_truck,0,0,0,0,0,0,0,0,0,0,0,0,0,0,0,0,0,0,0,0,


--MOE Group 4--
 , , , , , , , , , , , , , , , , , , , ,
,#_of_vehicles,avg_distance,avg_travel_time,avg_speed,avg_toll_cost,avg_energy_K_joule,avg_CO2_gram,avg_NOX_gram,avg_CO_gram,avg_HC_gram,avg_PM_gram,avg_PM2_5_gram,avg_energy_K_joule_per_mile,avg_CO2_gram_per_mile,avg_NOX_gram_per_mile,avg_CO_gram_per_mile,avg_HC_gram_per_mile,avg_PM_gram_per_mile,avg_PM2_5_gram_per_mile,avg_MilesPerGallon,
OD1,8640,8.22222,18.1319,27.208,0,0,0,0,15429.9,0,0,0,0,0,0,1876.61,0,0,0,0,
OD2,8640,8.22222,18.1319,27.208,0,0,0,0,15429.9,0,0,0,0,0,0,1876.61,0,0,0,0,


--MOE Group 5--
 , , , , , , , , , , , , , , , , , , , ,
,#_of_vehicles,avg_distance,avg_travel_time,avg_speed,avg_toll_cost,avg_energy_K_joule,avg_CO2_gram,avg_NOX_gram,avg_CO_gram,avg_HC_gram,avg_PM_gram,avg_PM2_5_gram,avg_energy_K_joule_per_mile,avg_CO2_gram_per_mile,avg_NOX_gram_per_mile,avg_CO_gram_per_mile,avg_HC_gram_per_mile,avg_PM_gram_per_mile,avg_PM2_5_gram_per_mile,avg_MilesPerGallon,
link_48_41_ NB freeway,0,0,0,0,0,0,0,0,0,0,0,0,0,0,0,0,0,0,0,0,
link_39_44_NB freeway,0,0,0,0,0,0,0,0,0,0,0,0,0,0,0,0,0,0,0,0,


--MOE Group 6--
 , , , , , , , , , , , , , , , , , , , ,
,#_of_vehicles,avg_distance,avg_travel_time,avg_speed,avg_toll_cost,avg_energy_K_joule,avg_CO2_gram,avg_NOX_gram,avg_CO_gram,avg_HC_gram,avg_PM_gram,avg_PM2_5_gram,avg_energy_K_joule_per_mile,avg_CO2_gram_per_mile,avg_NOX_gram_per_mile,avg_CO_gram_per_mile,avg_HC_gram_per_mile,avg_PM_gram_per_mile,avg_PM2_5_gram_per_mile,avg_MilesPerGallon,
'Path1_Major freeway route,8640,8.22222,18.1319,27.208,0,0,0,0,15429.9,0,0,0,0,0,0,1876.61,0,0,0,0,


--MOE Group 7--
Detailed Data:,output_NetworkTDMOE.csv
time_stamp_in_min,cumulative_in_flow_count,cumulative_out_flow_count,number_of_vehicles_in_network,flow_in_a_min,avg_trip_time_in_min
420,71,0,71,71,12.0075,
421,143,0,143,72,12.1101,
422,216,0,216,73,12.2003,
423,287,0,287,71,12.318,
424,359,0,359,72,12.4205,
425,432,0,432,73,12.5051,
426,503,0,503,71,12.6286,
427,575,0,575,72,12.7309,
428,648,0,648,73,12.8113,
429,719,0,719,71,12.9391,
430,791,0,791,72,13.0412,
431,864,4,860,73,13.1176,
432,935,65,870,71,13.2482,
433,1007,130,877,72,13.353,
434,1080,195,885,73,13.4238,
435,1151,261,890,71,13.5588,
436,1223,326,897,72,13.6634,
437,1296,391,905,73,13.73,
438,1367,457,910,71,13.8693,
439,1439,522,917,72,13.9738,
440,1512,587,925,73,14.0362,
441,1583,653,930,71,14.1784,
442,1655,718,937,72,14.2856,
443,1728,784,944,73,14.3424,
444,1799,849,950,71,14.489,
445,1871,914,957,72,14.596,
446,1944,980,964,73,14.6486,
447,2015,1045,970,71,14.7981,
448,2087,1110,977,72,14.9064,
449,2160,1176,984,73,14.9548,
450,2231,1241,990,71,15.1086,
451,2303,1306,997,72,15.2182,
452,2376,1372,1004,73,15.261,
453,2447,1437,1010,71,15.4192,
454,2519,1502,1017,72,15.5286,
455,2592,1568,1024,73,15.5672,
456,2663,1633,1030,71,15.7283,
457,2735,1698,1037,72,15.8376,
458,2808,1764,1044,73,15.8748,
459,2879,1829,1050,71,16.0388,
460,2952,1894,1058,73,16.0789,
461,3024,1960,1064,72,16.2529,
462,3096,2025,1071,72,16.3556,
463,3168,2090,1078,72,16.3779,
464,3240,2156,1084,72,16.5633,
465,3312,2221,1091,72,16.6646,
466,3384,2286,1098,72,16.6842,
467,3456,2352,1104,72,16.8751,
468,3528,2417,1111,72,16.9764,
469,3600,2482,1118,72,16.9905,
470,3672,2548,1124,72,17.1855,
471,3744,2613,1131,72,17.2868,
472,3816,2678,1138,72,17.2954,
473,3888,2744,1144,72,17.4945,
474,3960,2809,1151,72,17.5972,
475,4032,2874,1158,72,17.6017,
476,4104,2940,1164,72,17.8063,
477,4176,3005,1171,72,17.909,
478,4248,3070,1178,72,17.908,
479,4320,3136,1184,72,18.1153,
480,4392,3201,1191,72,18.2194,
481,4464,3266,1198,72,18.2129,
482,4536,3332,1204,72,18.4257,
483,4608,3397,1211,72,18.5298,
484,4680,3463,1217,72,18.5192,
485,4752,3528,1224,72,18.7375,
486,4824,3593,1231,72,18.8416,
487,4896,3659,1237,72,18.8254,
488,4968,3724,1244,72,19.0465,
489,5040,3789,1251,72,19.152,
490,5112,3855,1257,72,19.1303,
491,5184,3920,1264,72,19.3569,
492,5256,3985,1271,72,19.4624,
493,5328,4051,1277,72,19.4366,
494,5400,4116,1284,72,19.6687,
495,5472,4181,1291,72,19.7728,
496,5544,4247,1297,72,19.7429,
497,5616,4312,1304,72,19.9777,
498,5688,4377,1311,72,20.0832,
499,5760,4443,1317,72,20.0492,
500,5832,4508,1324,72,20.2881,
501,5905,4573,1332,73,20.2649,
502,5977,4639,1338,72,20.4985,
503,6048,4704,1344,71,20.59,
504,6121,4769,1352,73,20.5711,
505,6193,4835,1358,72,20.8089,
506,6264,4900,1364,71,20.8991,
507,6337,4965,1372,73,20.8773,
508,6409,5031,1378,72,21.1193,
509,6480,5096,1384,71,21.2097,
510,6553,5161,1392,73,21.1835,
511,6625,5227,1398,72,21.4297,
512,6696,5292,1404,71,21.5202,
513,6769,5357,1412,73,21.4898,
514,6841,5423,1418,72,21.7401,
515,6912,5488,1424,71,21.8308,
516,6985,5553,1432,73,21.796,
517,7057,5619,1438,72,22.0505,
518,7128,5684,1444,71,22.1413,
519,7201,5749,1452,73,22.1008,
520,7273,5815,1458,72,22.3609,
521,7344,5880,1464,71,22.4518,
522,7417,5946,1471,73,22.4084,
523,7489,6011,1478,72,22.6713,
524,7560,6076,1484,71,22.7624,
525,7633,6142,1491,73,22.7146,
526,7705,6207,1498,72,22.9817,
527,7776,6272,1504,71,23.0729,
528,7849,6338,1511,73,23.0194,
529,7921,6403,1518,72,23.2921,
530,7992,6468,1524,71,23.3834,
531,8065,6534,1531,73,23.327,
532,8137,6599,1538,72,23.6025,
533,8208,6664,1544,71,23.694,
534,8281,6730,1551,73,23.6332,
535,8353,6795,1558,72,23.9129,
536,8424,6860,1564,71,24.0045,
537,8497,6926,1571,73,23.9394,
538,8569,6991,1578,72,24.2247,
539,8640,7056,1584,71,24.3151,
540,8640,7122,1518,0,0,
541,8640,7187,1453,0,0,
542,8640,7252,1388,0,0,
543,8640,7318,1322,0,0,
544,8640,7383,1257,0,0,
545,8640,7448,1192,0,0,
546,8640,7514,1126,0,0,
547,8640,7579,1061,0,0,
548,8640,7644,996,0,0,
549,8640,7710,930,0,0,
550,8640,7775,865,0,0,
551,8640,7835,805,0,0,
552,8640,7895,745,0,0,
553,8640,7955,685,0,0,
554,8640,8015,625,0,0,
555,8640,8075,565,0,0,
556,8640,8135,505,0,0,
557,8640,8195,445,0,0,
558,8640,8255,385,0,0,
559,8640,8315,325,0,0,
560,8640,8375,265,0,0,
561,8640,8435,205,0,0,
562,8640,8495,145,0,0,
563,8640,8555,85,0,0,
564,8640,8615,25,0,0,
565,8640,8640,0,0,0,


--MOE Group 8--
Detailed Data:,output_LinkMOE.csv
from_node_id,to_node_id,type_code,link_type,link_length,start_time_in_min,end_time_in_min,total_link_volume,lane_capacity_in_vhc_per_hour,link_capacity_in_vhc_per_hour,volume_over_capacity_ratio,avg_waiting_time_on_loading_buffer_(min), speed_limit,speed,free-flow_travel_time,travel_time,percentage_of_speed_limit, level_of_service, sensor_data_flag, sensor_link_volume, simulated_link_volume, measurement_error, abs_measurement_error_percentage, simulated_AADT, TotalEnergy_(J / hr), CO2_(g / hr), NOX_(g / hr), CO_(g / hr), HC_(g / hr, PM_(g / hr), PM_2_5(g / hr),sov_volume, hov_volume, truck_volume, intermodal_volume,passenger car,passenger truck,light commercial truck,single unit short-haul truck,combination long-haul truck,geometry, from_node_id,to_node_id,vol_h1,vol_h2,vol_h3,vol_h4,vol_h5,vol_h6,vol_h7,vol_h8,vol_h9,vol_h10,vol_h11,vol_h12,vol_h13,vol_h14,vol_h15,vol_h16,vol_h17,vol_h18,vol_h19,vol_h20,vol_h21,vol_h22,vol_h23,vol_h24,speed_h1,speed_h2,speed_h3,speed_h4,speed_h5,speed_h6,speed_h7,speed_h8,speed_h9,speed_h10,speed_h11,speed_h12,speed_h13,speed_h14,speed_h15,speed_h16,speed_h17,speed_h18,speed_h19,speed_h20,speed_h21,speed_h22,speed_h23,speed_h24,vol_d1,spd_d1,
1,30,a,Major arterial,1.0000,420,540,8000,1800.0000,3600.0000,1.1111,3.8527,40.0000,7.3174,1.5000,8.1996,18,F,0,0.0000,8000,0.0000,0.0000,0.0000,0.0000,0.0000,0.0000,0.0000,0.0000,0.0000,0.0000,8000,0,0,0,8000,0,0,0,0,"<LineString><coordinates>2.990533,23.709122,0.0 16.978937,23.790170,0.0</coordinates></LineString>",1,30,0.0000,0.0000,0.0000,0.0000,0.0000,0.0000,0.0000,3511.0000,3600.0000,889.0000,0.0000,0.0000,0.0000,0.0000,0.0000,0.0000,0.0000,0.0000,0.0000,0.0000,0.0000,0.0000,0.0000,0.0000,40.0000,40.0000,40.0000,40.0000,40.0000,40.0000,40.0000,12.3402,5.2006,40.0000,40.0000,40.0000,40.0000,40.0000,40.0000,40.0000,40.0000,40.0000,40.0000,40.0000,40.0000,40.0000,40.0000,40.0000,
30,31,a,Major arterial,1.0000,420,540,8000,1800.0000,3600.0000,1.1111,0.0000,40.0000,40.0000,1.5000,1.5000,100,A,0,0.0000,8000,0.0000,0.0000,0.0000,0.0000,0.0000,0.0000,0.0000,0.0000,0.0000,0.0000,8000,0,0,0,8000,0,0,0,0,"<LineString><coordinates>16.978937,23.790170,0.0 30.581594,23.790170,0.0</coordinates></LineString>",30,31,0.0000,0.0000,0.0000,0.0000,0.0000,0.0000,0.0000,3421.0000,3600.0000,979.0000,0.0000,0.0000,0.0000,0.0000,0.0000,0.0000,0.0000,0.0000,0.0000,0.0000,0.0000,0.0000,0.0000,0.0000,40.0000,40.0000,40.0000,40.0000,40.0000,40.0000,40.0000,40.0000,40.0000,40.0000,40.0000,40.0000,40.0000,40.0000,40.0000,40.0000,40.0000,40.0000,40.0000,40.0000,40.0000,40.0000,40.0000,40.0000,
31,32,a,Major arterial,1.0000,420,540,8000,1800.0000,3600.0000,1.1111,0.0000,40.0000,40.0000,1.5000,1.5000,100,A,0,0.0000,8000,0.0000,0.0000,0.0000,0.0000,0.0000,0.0000,0.0000,0.0000,0.0000,0.0000,8000,0,0,0,8000,0,0,0,0,"<LineString><coordinates>30.581594,23.790170,0.0 43.169128,23.790170,0.0</coordinates></LineString>",31,32,0.0000,0.0000,0.0000,0.0000,0.0000,0.0000,0.0000,3331.0000,3600.0000,1069.0000,0.0000,0.0000,0.0000,0.0000,0.0000,0.0000,0.0000,0.0000,0.0000,0.0000,0.0000,0.0000,0.0000,0.0000,40.0000,40.0000,40.0000,40.0000,40.0000,40.0000,40.0000,40.0000,40.0000,40.0000,40.0000,40.0000,40.0000,40.0000,40.0000,40.0000,40.0000,40.0000,40.0000,40.0000,40.0000,40.0000,40.0000,40.0000,
32,33,a,Major arterial,1.0000,420,540,8000,1800.0000,3600.0000,1.1111,0.0000,40.0000,40.0000,1.5000,1.5000,100,A,0,0.0000,8000,0.0000,0.0000,0.0000,0.0000,0.0000,0.0000,0.0000,0.0000,0.0000,0.0000,8000,0,0,0,8000,0,0,0,0,"<LineString><coordinates>43.169128,23.790170,0.0 53.929439,23.790170,0.0</coordinates></LineString>",32,33,0.0000,0.0000,0.0000,0.0000,0.0000,0.0000,0.0000,3241.0000,3600.0000,1159.0000,0.0000,0.0000,0.0000,0.0000,0.0000,0.0000,0.0000,0.0000,0.0000,0.0000,0.0000,0.0000,0.0000,0.0000,40.0000,40.0000,40.0000,40.0000,40.0000,40.0000,40.0000,40.0000,40.0000,40.0000,40.0000,40.0000,40.0000,40.0000,40.0000,40.0000,40.0000,40.0000,40.0000,40.0000,40.0000,40.0000,40.0000,40.0000,
34,2,a,Major arterial,2.0000,420,540,8000,1800.0000,3600.0000,1.1111,0.0000,40.0000,39.9949,3.0000,3.0004,100,A,0,0.0000,8000,0.0000,0.0000,0.0000,0.0000,0.0000,0.0000,0.0000,0.0000,0.0000,0.0000,8000,0,0,0,8000,0,0,0,0,"<LineString><coordinates>79.916605,23.790170,0.0 96.767658,23.790170,0.0</coordinates></LineString>",34,2,0.0000,0.0000,0.0000,0.0000,0.0000,0.0000,0.0000,2881.0000,3600.0000,1519.0000,0.0000,0.0000,0.0000,0.0000,0.0000,0.0000,0.0000,0.0000,0.0000,0.0000,0.0000,0.0000,0.0000,0.0000,40.0000,40.0000,40.0000,40.0000,40.0000,40.0000,40.0000,39.9868,40.0000,40.0000,40.0000,40.0000,40.0000,40.0000,40.0000,40.0000,40.0000,40.0000,40.0000,40.0000,40.0000,40.0000,40.0000,40.0000,
33,35,a,Major arterial,1.0000,420,540,8000,1800.0000,3600.0000,1.1111,0.0000,40.0000,40.0000,1.5000,1.5000,100,A,0,0.0000,8000,0.0000,0.0000,0.0000,0.0000,0.0000,0.0000,0.0000,0.0000,0.0000,0.0000,8000,0,0,0,8000,0,0,0,0,"<LineString><coordinates>53.929439,23.790170,0.0 67.227559,23.790170,0.0</coordinates></LineString>",33,35,0.0000,0.0000,0.0000,0.0000,0.0000,0.0000,0.0000,3151.0000,3600.0000,1249.0000,0.0000,0.0000,0.0000,0.0000,0.0000,0.0000,0.0000,0.0000,0.0000,0.0000,0.0000,0.0000,0.0000,0.0000,40.0000,40.0000,40.0000,40.0000,40.0000,40.0000,40.0000,40.0000,40.0000,40.0000,40.0000,40.0000,40.0000,40.0000,40.0000,40.0000,40.0000,40.0000,40.0000,40.0000,40.0000,40.0000,40.0000,40.0000,
35,34,a,Major arterial,1.0000,420,540,8000,1800.0000,3600.0000,1.1111,0.0000,40.0000,40.0000,1.5000,1.5000,100,A,0,0.0000,8000,0.0000,0.0000,0.0000,0.0000,0.0000,0.0000,0.0000,0.0000,0.0000,0.0000,8000,0,0,0,8000,0,0,0,0,"<LineString><coordinates>67.227559,23.790170,0.0 79.916605,23.790170,0.0</coordinates></LineString>",35,34,0.0000,0.0000,0.0000,0.0000,0.0000,0.0000,0.0000,3061.0000,3600.0000,1339.0000,0.0000,0.0000,0.0000,0.0000,0.0000,0.0000,0.0000,0.0000,0.0000,0.0000,0.0000,0.0000,0.0000,0.0000,40.0000,40.0000,40.0000,40.0000,40.0000,40.0000,40.0000,40.0000,40.0000,40.0000,40.0000,40.0000,40.0000,40.0000,40.0000,40.0000,40.0000,40.0000,40.0000,40.0000,40.0000,40.0000,40.0000,40.0000,


--MOE Group 9--
Detailed Data:,output_ODMOE.csv
from_zone_id,to_zone_id,number_of_agents,number_of_agents_completing_trips,trip_time_in_min,distance
1,2,8640,8640,18.1319,8.2222
