name,node_id,control_type,control_type_name,cycle_length_in_second,x,y,geometry
,1,1,no_control,0,-111.954176,40.701763,"<Point><coordinates>-111.954176,40.701763</coordinates></Point>"
,2,1,no_control,0,-111.952846,40.693776,"<Point><coordinates>-111.952846,40.693776</coordinates></Point>"
,3,1,no_control,0,-111.959595,40.693657,"<Point><coordinates>-111.959595,40.693657</coordinates></Point>"
,4,1,no_control,0,-111.961647,40.693903,"<Point><coordinates>-111.961647,40.693903</coordinates></Point>"
,5,1,no_control,0,-111.965126,40.694960,"<Point><coordinates>-111.965126,40.694960</coordinates></Point>"
,6,1,no_control,0,-111.969223,40.695032,"<Point><coordinates>-111.969223,40.695032</coordinates></Point>"
,7,1,no_control,0,-111.972516,40.692796,"<Point><coordinates>-111.972516,40.692796</coordinates></Point>"
,8,1,no_control,0,-111.974773,40.692226,"<Point><coordinates>-111.974773,40.692226</coordinates></Point>"
,9,1,no_control,0,-111.979299,40.690801,"<Point><coordinates>-111.979299,40.690801</coordinates></Point>"
,10,1,no_control,0,-111.982545,40.693040,"<Point><coordinates>-111.982545,40.693040</coordinates></Point>"
,11,1,no_control,0,-111.988844,40.693821,"<Point><coordinates>-111.988844,40.693821</coordinates></Point>"
,12,1,no_control,0,-111.993105,40.695121,"<Point><coordinates>-111.993105,40.695121</coordinates></Point>"
,13,1,no_control,0,-112.001499,40.692666,"<Point><coordinates>-112.001499,40.692666</coordinates></Point>"
,14,1,no_control,0,-112.007967,40.693104,"<Point><coordinates>-112.007967,40.693104</coordinates></Point>"
,15,1,no_control,0,-112.012545,40.692883,"<Point><coordinates>-112.012545,40.692883</coordinates></Point>"
,16,1,no_control,0,-112.018818,40.693856,"<Point><coordinates>-112.018818,40.693856</coordinates></Point>"
,17,1,no_control,0,-112.023052,40.690802,"<Point><coordinates>-112.023052,40.690802</coordinates></Point>"
,18,1,no_control,0,-112.026994,40.693128,"<Point><coordinates>-112.026994,40.693128</coordinates></Point>"
,19,1,no_control,0,-112.032849,40.692528,"<Point><coordinates>-112.032849,40.692528</coordinates></Point>"
,20,1,no_control,0,-112.033629,40.700724,"<Point><coordinates>-112.033629,40.700724</coordinates></Point>"
,21,1,no_control,0,-112.030042,40.701519,"<Point><coordinates>-112.030042,40.701519</coordinates></Point>"
,22,1,no_control,0,-112.022618,40.700358,"<Point><coordinates>-112.022618,40.700358</coordinates></Point>"
,23,1,no_control,0,-112.019237,40.700428,"<Point><coordinates>-112.019237,40.700428</coordinates></Point>"
,24,1,no_control,0,-112.014961,40.700318,"<Point><coordinates>-112.014961,40.700318</coordinates></Point>"
,25,1,no_control,0,-112.009726,40.701375,"<Point><coordinates>-112.009726,40.701375</coordinates></Point>"
,26,1,no_control,0,-112.003993,40.701288,"<Point><coordinates>-112.003993,40.701288</coordinates></Point>"
,27,1,no_control,0,-111.999188,40.701447,"<Point><coordinates>-111.999188,40.701447</coordinates></Point>"
,28,1,no_control,0,-111.995017,40.701373,"<Point><coordinates>-111.995017,40.701373</coordinates></Point>"
,29,1,no_control,0,-111.991819,40.699884,"<Point><coordinates>-111.991819,40.699884</coordinates></Point>"
,30,1,no_control,0,-111.988157,40.701168,"<Point><coordinates>-111.988157,40.701168</coordinates></Point>"
,31,1,no_control,0,-111.983663,40.701002,"<Point><coordinates>-111.983663,40.701002</coordinates></Point>"
,33,1,no_control,0,-111.975493,40.701453,"<Point><coordinates>-111.975493,40.701453</coordinates></Point>"
,34,1,no_control,0,-111.970399,40.700486,"<Point><coordinates>-111.970399,40.700486</coordinates></Point>"
,35,1,no_control,0,-111.964350,40.701057,"<Point><coordinates>-111.964350,40.701057</coordinates></Point>"
,36,1,no_control,0,-111.959770,40.701260,"<Point><coordinates>-111.959770,40.701260</coordinates></Point>"
,37,1,no_control,0,-111.957937,40.705856,"<Point><coordinates>-111.957937,40.705856</coordinates></Point>"
,38,1,no_control,0,-111.957936,40.690316,"<Point><coordinates>-111.957936,40.690316</coordinates></Point>"
,39,1,no_control,0,-111.973213,40.705727,"<Point><coordinates>-111.973213,40.705727</coordinates></Point>"
,40,1,no_control,0,-111.976678,40.705890,"<Point><coordinates>-111.976678,40.705890</coordinates></Point>"
,41,1,no_control,0,-111.979251,40.706066,"<Point><coordinates>-111.979251,40.706066</coordinates></Point>"
,42,1,no_control,0,-111.986851,40.706015,"<Point><coordinates>-111.986851,40.706015</coordinates></Point>"
,43,1,no_control,0,-111.993766,40.706065,"<Point><coordinates>-111.993766,40.706065</coordinates></Point>"
,44,1,no_control,0,-111.996568,40.705768,"<Point><coordinates>-111.996568,40.705768</coordinates></Point>"
,45,1,no_control,0,-112.005563,40.705750,"<Point><coordinates>-112.005563,40.705750</coordinates></Point>"
,46,1,no_control,0,-112.024846,40.705714,"<Point><coordinates>-112.024846,40.705714</coordinates></Point>"
,47,1,no_control,0,-112.038590,40.696525,"<Point><coordinates>-112.038590,40.696525</coordinates></Point>"
,48,1,no_control,0,-112.024663,40.685336,"<Point><coordinates>-112.024663,40.685336</coordinates></Point>"
,49,1,no_control,0,-112.014832,40.685487,"<Point><coordinates>-112.014832,40.685487</coordinates></Point>"
,50,1,no_control,0,-112.021278,40.685370,"<Point><coordinates>-112.021278,40.685370</coordinates></Point>"
,51,1,no_control,0,-111.996216,40.685853,"<Point><coordinates>-111.996216,40.685853</coordinates></Point>"
,52,1,no_control,0,-111.986456,40.686936,"<Point><coordinates>-111.986456,40.686936</coordinates></Point>"
,53,1,no_control,0,-111.981705,40.681989,"<Point><coordinates>-111.981705,40.681989</coordinates></Point>"
,54,1,no_control,0,-111.967528,40.687101,"<Point><coordinates>-111.967528,40.687101</coordinates></Point>"
,55,1,no_control,0,-111.959868,40.689305,"<Point><coordinates>-111.959868,40.689305</coordinates></Point>"
,56,1,no_control,0,-111.946581,40.696714,"<Point><coordinates>-111.946581,40.696714</coordinates></Point>"
,57,1,no_control,0,-111.967686,40.705989,"<Point><coordinates>-111.967686,40.705989</coordinates></Point>"
,58,1,no_control,0,-111.976958,40.687671,"<Point><coordinates>-111.976958,40.687671</coordinates></Point>"
,59,1,no_control,0,-111.981709,40.706551,"<Point><coordinates>-111.981709,40.706551</coordinates></Point>"
,60,1,no_control,0,-112.005586,40.681112,"<Point><coordinates>-112.005586,40.681112</coordinates></Point>"
,132682591,5,pretimed_signal,120,-112.005730,40.696570,"<Point><coordinates>-112.005730,40.696570</coordinates></Point>"
,132727839,5,pretimed_signal,120,-112.024840,40.696530,"<Point><coordinates>-112.024840,40.696530</coordinates></Point>"
,132727841,5,pretimed_signal,120,-112.015300,40.696550,"<Point><coordinates>-112.015300,40.696550</coordinates></Point>"
,132738639,5,pretimed_signal,120,-111.996190,40.696610,"<Point><coordinates>-111.996190,40.696610</coordinates></Point>"
,132738640,5,pretimed_signal,120,-111.990310,40.696600,"<Point><coordinates>-111.990310,40.696600</coordinates></Point>"
,132738644,5,pretimed_signal,120,-111.986640,40.696610,"<Point><coordinates>-111.986640,40.696610</coordinates></Point>"
,132738645,5,pretimed_signal,120,-111.980930,40.696620,"<Point><coordinates>-111.980930,40.696620</coordinates></Point>"
,132738649,5,pretimed_signal,120,-111.977090,40.696630,"<Point><coordinates>-111.977090,40.696630</coordinates></Point>"
,132738651,5,pretimed_signal,120,-111.967540,40.696640,"<Point><coordinates>-111.967540,40.696640</coordinates></Point>"
,132738657,5,pretimed_signal,120,-111.957980,40.696680,"<Point><coordinates>-111.957980,40.696680</coordinates></Point>"
,132738658,5,pretimed_signal,120,-111.960210,40.696640,"<Point><coordinates>-111.960210,40.696640</coordinates></Point>"
,132738677,5,pretimed_signal,120,-111.973509,40.696629,"<Point><coordinates>-111.973509,40.696629</coordinates></Point>"
,132738809,5,pretimed_signal,120,-111.957950,40.692940,"<Point><coordinates>-111.957950,40.692940</coordinates></Point>"
,132673469,0,unknown_control,0,-111.979960,40.703900,"<Point><coordinates>-111.979960,40.703900</coordinates></Point>"
,132676365,0,unknown_control,0,-112.015290,40.692880,"<Point><coordinates>-112.015290,40.692880</coordinates></Point>"
,132677590,0,unknown_control,0,-112.024880,40.703790,"<Point><coordinates>-112.024880,40.703790</coordinates></Point>"
,132682589,0,unknown_control,0,-112.005730,40.694900,"<Point><coordinates>-112.005730,40.694900</coordinates></Point>"
,132682590,0,unknown_control,0,-112.005710,40.695410,"<Point><coordinates>-112.005710,40.695410</coordinates></Point>"
,132682592,0,unknown_control,0,-112.005060,40.695350,"<Point><coordinates>-112.005060,40.695350</coordinates></Point>"
,132682595,0,unknown_control,0,-112.005080,40.694910,"<Point><coordinates>-112.005080,40.694910</coordinates></Point>"
,132684259,0,unknown_control,0,-111.996180,40.693430,"<Point><coordinates>-111.996180,40.693430</coordinates></Point>"
,132684260,0,unknown_control,0,-111.996180,40.693890,"<Point><coordinates>-111.996180,40.693890</coordinates></Point>"
,132684261,0,unknown_control,0,-111.996180,40.695090,"<Point><coordinates>-111.996180,40.695090</coordinates></Point>"
,132684262,0,unknown_control,0,-111.995090,40.693930,"<Point><coordinates>-111.995090,40.693930</coordinates></Point>"
,132684264,0,unknown_control,0,-111.994191,40.694050,"<Point><coordinates>-111.994191,40.694050</coordinates></Point>"
,132684265,0,unknown_control,0,-111.994190,40.694410,"<Point><coordinates>-111.994190,40.694410</coordinates></Point>"
,132684266,0,unknown_control,0,-111.993660,40.694190,"<Point><coordinates>-111.993660,40.694190</coordinates></Point>"
,132684267,0,unknown_control,0,-111.993830,40.695100,"<Point><coordinates>-111.993830,40.695100</coordinates></Point>"
,132727511,0,unknown_control,0,-112.005750,40.702360,"<Point><coordinates>-112.005750,40.702360</coordinates></Point>"
,132727515,0,unknown_control,0,-112.002540,40.702210,"<Point><coordinates>-112.002540,40.702210</coordinates></Point>"
,132727516,0,unknown_control,0,-112.001510,40.702220,"<Point><coordinates>-112.001510,40.702220</coordinates></Point>"
,132727518,0,unknown_control,0,-112.003610,40.702190,"<Point><coordinates>-112.003610,40.702190</coordinates></Point>"
,132727597,0,unknown_control,0,-112.005730,40.700620,"<Point><coordinates>-112.005730,40.700620</coordinates></Point>"
,132727612,0,unknown_control,0,-112.024880,40.700300,"<Point><coordinates>-112.024880,40.700300</coordinates></Point>"
,132727633,0,unknown_control,0,-112.021280,40.699810,"<Point><coordinates>-112.021280,40.699810</coordinates></Point>"
,132727635,0,unknown_control,0,-112.020441,40.699820,"<Point><coordinates>-112.020441,40.699820</coordinates></Point>"
,132727636,0,unknown_control,0,-112.023109,40.699810,"<Point><coordinates>-112.023109,40.699810</coordinates></Point>"
,132727637,0,unknown_control,0,-112.019650,40.699820,"<Point><coordinates>-112.019650,40.699820</coordinates></Point>"
,132727645,0,unknown_control,0,-112.013360,40.699870,"<Point><coordinates>-112.013360,40.699870</coordinates></Point>"
,132727649,0,unknown_control,0,-112.005740,40.699810,"<Point><coordinates>-112.005740,40.699810</coordinates></Point>"
,132727650,0,unknown_control,0,-112.004630,40.699810,"<Point><coordinates>-112.004630,40.699810</coordinates></Point>"
,132727654,0,unknown_control,0,-112.001450,40.699850,"<Point><coordinates>-112.001450,40.699850</coordinates></Point>"
,132727656,0,unknown_control,0,-112.017090,40.699710,"<Point><coordinates>-112.017090,40.699710</coordinates></Point>"
,132727657,0,unknown_control,0,-112.014880,40.699720,"<Point><coordinates>-112.014880,40.699720</coordinates></Point>"
,132727659,0,unknown_control,0,-112.015930,40.699720,"<Point><coordinates>-112.015930,40.699720</coordinates></Point>"
,132727661,0,unknown_control,0,-112.023990,40.699620,"<Point><coordinates>-112.023990,40.699620</coordinates></Point>"
,132727662,0,unknown_control,0,-112.024040,40.700180,"<Point><coordinates>-112.024040,40.700180</coordinates></Point>"
,132727664,0,unknown_control,0,-112.024880,40.699600,"<Point><coordinates>-112.024880,40.699600</coordinates></Point>"
,132727690,0,unknown_control,0,-112.013360,40.699200,"<Point><coordinates>-112.013360,40.699200</coordinates></Point>"
,132727691,0,unknown_control,0,-112.020530,40.699130,"<Point><coordinates>-112.020530,40.699130</coordinates></Point>"
,132727719,0,unknown_control,0,-112.013360,40.698530,"<Point><coordinates>-112.013360,40.698530</coordinates></Point>"
,132727721,0,unknown_control,0,-112.020510,40.698410,"<Point><coordinates>-112.020510,40.698410</coordinates></Point>"
,132727724,0,unknown_control,0,-112.014810,40.698470,"<Point><coordinates>-112.014810,40.698470</coordinates></Point>"
,132727732,0,unknown_control,0,-112.010950,40.698290,"<Point><coordinates>-112.010950,40.698290</coordinates></Point>"
,132727744,0,unknown_control,0,-112.004609,40.698030,"<Point><coordinates>-112.004609,40.698030</coordinates></Point>"
,132727745,0,unknown_control,0,-112.005730,40.698020,"<Point><coordinates>-112.005730,40.698020</coordinates></Point>"
,132727746,0,unknown_control,0,-112.003560,40.698040,"<Point><coordinates>-112.003560,40.698040</coordinates></Point>"
,132727748,0,unknown_control,0,-112.002490,40.698030,"<Point><coordinates>-112.002490,40.698030</coordinates></Point>"
,132727757,0,unknown_control,0,-112.013350,40.697860,"<Point><coordinates>-112.013350,40.697860</coordinates></Point>"
,132727758,0,unknown_control,0,-112.014540,40.697770,"<Point><coordinates>-112.014540,40.697770</coordinates></Point>"
,132727761,0,unknown_control,0,-112.015910,40.697760,"<Point><coordinates>-112.015910,40.697760</coordinates></Point>"
,132727762,0,unknown_control,0,-112.015440,40.697760,"<Point><coordinates>-112.015440,40.697760</coordinates></Point>"
,132727765,0,unknown_control,0,-112.017090,40.697750,"<Point><coordinates>-112.017090,40.697750</coordinates></Point>"
,132727766,0,unknown_control,0,-112.018130,40.697760,"<Point><coordinates>-112.018130,40.697760</coordinates></Point>"
,132727768,0,unknown_control,0,-112.002350,40.697730,"<Point><coordinates>-112.002350,40.697730</coordinates></Point>"
,132727773,0,unknown_control,0,-112.010950,40.697590,"<Point><coordinates>-112.010950,40.697590</coordinates></Point>"
,132727774,0,unknown_control,0,-112.012429,40.697600,"<Point><coordinates>-112.012429,40.697600</coordinates></Point>"
,132727790,0,unknown_control,0,-112.001910,40.697490,"<Point><coordinates>-112.001910,40.697490</coordinates></Point>"
,132727800,0,unknown_control,0,-112.013350,40.697230,"<Point><coordinates>-112.013350,40.697230</coordinates></Point>"
,132727804,0,unknown_control,0,-112.013950,40.697120,"<Point><coordinates>-112.013950,40.697120</coordinates></Point>"
,132727831,0,unknown_control,0,-112.030490,40.696490,"<Point><coordinates>-112.030490,40.696490</coordinates></Point>"
,132727832,0,unknown_control,0,-112.029801,40.696510,"<Point><coordinates>-112.029801,40.696510</coordinates></Point>"
,132727833,0,unknown_control,0,-112.028410,40.696520,"<Point><coordinates>-112.028410,40.696520</coordinates></Point>"
,132727834,0,unknown_control,0,-112.027300,40.696540,"<Point><coordinates>-112.027300,40.696540</coordinates></Point>"
,132727835,0,unknown_control,0,-112.021280,40.696540,"<Point><coordinates>-112.021280,40.696540</coordinates></Point>"
,132727836,0,unknown_control,0,-112.021280,40.697710,"<Point><coordinates>-112.021280,40.697710</coordinates></Point>"
,132727837,0,unknown_control,0,-112.032450,40.696500,"<Point><coordinates>-112.032450,40.696500</coordinates></Point>"
,132727838,0,unknown_control,0,-112.034360,40.696530,"<Point><coordinates>-112.034360,40.696530</coordinates></Point>"
,132727840,0,unknown_control,0,-112.017410,40.696530,"<Point><coordinates>-112.017410,40.696530</coordinates></Point>"
,132727842,0,unknown_control,0,-112.013350,40.696560,"<Point><coordinates>-112.013350,40.696560</coordinates></Point>"
,132727843,0,unknown_control,0,-112.010900,40.696570,"<Point><coordinates>-112.010900,40.696570</coordinates></Point>"
,132727844,0,unknown_control,0,-112.009490,40.696570,"<Point><coordinates>-112.009490,40.696570</coordinates></Point>"
,132727862,0,unknown_control,0,-112.027230,40.695610,"<Point><coordinates>-112.027230,40.695610</coordinates></Point>"
,132727863,0,unknown_control,0,-112.026580,40.695610,"<Point><coordinates>-112.026580,40.695610</coordinates></Point>"
,132727875,0,unknown_control,0,-112.011600,40.695330,"<Point><coordinates>-112.011600,40.695330</coordinates></Point>"
,132727882,0,unknown_control,0,-112.017731,40.695150,"<Point><coordinates>-112.017731,40.695150</coordinates></Point>"
,132727883,0,unknown_control,0,-112.017710,40.695460,"<Point><coordinates>-112.017710,40.695460</coordinates></Point>"
,132727884,0,unknown_control,0,-112.018710,40.695150,"<Point><coordinates>-112.018710,40.695150</coordinates></Point>"
,132727885,0,unknown_control,0,-112.018730,40.695360,"<Point><coordinates>-112.018730,40.695360</coordinates></Point>"
,132727886,0,unknown_control,0,-112.019210,40.695140,"<Point><coordinates>-112.019210,40.695140</coordinates></Point>"
,132727890,0,unknown_control,0,-112.015300,40.695080,"<Point><coordinates>-112.015300,40.695080</coordinates></Point>"
,132727892,0,unknown_control,0,-112.017130,40.695070,"<Point><coordinates>-112.017130,40.695070</coordinates></Point>"
,132727909,0,unknown_control,0,-112.006730,40.694910,"<Point><coordinates>-112.006730,40.694910</coordinates></Point>"
,132727914,0,unknown_control,0,-112.027210,40.694740,"<Point><coordinates>-112.027210,40.694740</coordinates></Point>"
,132727915,0,unknown_control,0,-112.028399,40.694730,"<Point><coordinates>-112.028399,40.694730</coordinates></Point>"
,132727916,0,unknown_control,0,-112.024850,40.694740,"<Point><coordinates>-112.024850,40.694740</coordinates></Point>"
,132727917,0,unknown_control,0,-112.026040,40.694740,"<Point><coordinates>-112.026040,40.694740</coordinates></Point>"
,132727919,0,unknown_control,0,-112.007830,40.694820,"<Point><coordinates>-112.007830,40.694820</coordinates></Point>"
,132727925,0,unknown_control,0,-112.008380,40.694710,"<Point><coordinates>-112.008380,40.694710</coordinates></Point>"
,132727930,0,unknown_control,0,-112.009440,40.694480,"<Point><coordinates>-112.009440,40.694480</coordinates></Point>"
,132727931,0,unknown_control,0,-112.017200,40.694410,"<Point><coordinates>-112.017200,40.694410</coordinates></Point>"
,132727932,0,unknown_control,0,-112.017730,40.694410,"<Point><coordinates>-112.017730,40.694410</coordinates></Point>"
,132727933,0,unknown_control,0,-112.011910,40.694430,"<Point><coordinates>-112.011910,40.694430</coordinates></Point>"
,132727935,0,unknown_control,0,-112.010010,40.694430,"<Point><coordinates>-112.010010,40.694430</coordinates></Point>"
,132727936,0,unknown_control,0,-112.010979,40.694440,"<Point><coordinates>-112.010979,40.694440</coordinates></Point>"
,132727940,0,unknown_control,0,-112.018700,40.694400,"<Point><coordinates>-112.018700,40.694400</coordinates></Point>"
,132727947,0,unknown_control,0,-112.028650,40.694110,"<Point><coordinates>-112.028650,40.694110</coordinates></Point>"
,132727964,0,unknown_control,0,-112.017930,40.693550,"<Point><coordinates>-112.017930,40.693550</coordinates></Point>"
,132727976,0,unknown_control,0,-112.017281,40.693310,"<Point><coordinates>-112.017281,40.693310</coordinates></Point>"
,132727977,0,unknown_control,0,-112.015290,40.693340,"<Point><coordinates>-112.015290,40.693340</coordinates></Point>"
,132727983,0,unknown_control,0,-112.006730,40.693220,"<Point><coordinates>-112.006730,40.693220</coordinates></Point>"
,132728022,0,unknown_control,0,-112.006831,40.692450,"<Point><coordinates>-112.006831,40.692450</coordinates></Point>"
,132728025,0,unknown_control,0,-112.005730,40.692420,"<Point><coordinates>-112.005730,40.692420</coordinates></Point>"
,132728070,0,unknown_control,0,-112.015290,40.691550,"<Point><coordinates>-112.015290,40.691550</coordinates></Point>"
,132728104,0,unknown_control,0,-112.015260,40.690610,"<Point><coordinates>-112.015260,40.690610</coordinates></Point>"
,132728117,0,unknown_control,0,-112.005700,40.690360,"<Point><coordinates>-112.005700,40.690360</coordinates></Point>"
,132728162,0,unknown_control,0,-112.005700,40.689660,"<Point><coordinates>-112.005700,40.689660</coordinates></Point>"
,132728199,0,unknown_control,0,-112.021210,40.688870,"<Point><coordinates>-112.021210,40.688870</coordinates></Point>"
,132728200,0,unknown_control,0,-112.020630,40.688880,"<Point><coordinates>-112.020630,40.688880</coordinates></Point>"
,132728234,0,unknown_control,0,-112.005701,40.688150,"<Point><coordinates>-112.005701,40.688150</coordinates></Point>"
,132728255,0,unknown_control,0,-112.024780,40.687790,"<Point><coordinates>-112.024780,40.687790</coordinates></Point>"
,132728280,0,unknown_control,0,-112.005700,40.687200,"<Point><coordinates>-112.005700,40.687200</coordinates></Point>"
,132728293,0,unknown_control,0,-112.024790,40.686850,"<Point><coordinates>-112.024790,40.686850</coordinates></Point>"
,132728408,0,unknown_control,0,-112.005680,40.684250,"<Point><coordinates>-112.005680,40.684250</coordinates></Point>"
,132728481,0,unknown_control,0,-112.005680,40.682050,"<Point><coordinates>-112.005680,40.682050</coordinates></Point>"
,132738299,0,unknown_control,0,-111.986680,40.703900,"<Point><coordinates>-111.986680,40.703900</coordinates></Point>"
,132738304,0,unknown_control,0,-111.993830,40.703870,"<Point><coordinates>-111.993830,40.703870</coordinates></Point>"
,132738314,0,unknown_control,0,-111.980180,40.703900,"<Point><coordinates>-111.980180,40.703900</coordinates></Point>"
,132738315,0,unknown_control,0,-111.979280,40.703920,"<Point><coordinates>-111.979280,40.703920</coordinates></Point>"
,132738316,0,unknown_control,0,-111.977130,40.703920,"<Point><coordinates>-111.977130,40.703920</coordinates></Point>"
,132738318,0,unknown_control,0,-111.973440,40.703910,"<Point><coordinates>-111.973440,40.703910</coordinates></Point>"
,132738329,0,unknown_control,0,-111.957980,40.703890,"<Point><coordinates>-111.957980,40.703890</coordinates></Point>"
,132738373,0,unknown_control,0,-111.973450,40.702850,"<Point><coordinates>-111.973450,40.702850</coordinates></Point>"
,132738398,0,unknown_control,0,-111.973440,40.702190,"<Point><coordinates>-111.973440,40.702190</coordinates></Point>"
,132738405,0,unknown_control,0,-111.967559,40.702090,"<Point><coordinates>-111.967559,40.702090</coordinates></Point>"
,132738422,0,unknown_control,0,-111.985430,40.701560,"<Point><coordinates>-111.985430,40.701560</coordinates></Point>"
,132738423,0,unknown_control,0,-111.986650,40.701639,"<Point><coordinates>-111.986650,40.701639</coordinates></Point>"
,132738432,0,unknown_control,0,-111.996230,40.701360,"<Point><coordinates>-111.996230,40.701360</coordinates></Point>"
,132738435,0,unknown_control,0,-112.001490,40.701280,"<Point><coordinates>-112.001490,40.701280</coordinates></Point>"
,132738436,0,unknown_control,0,-111.980380,40.701350,"<Point><coordinates>-111.980380,40.701350</coordinates></Point>"
,132738440,0,unknown_control,0,-111.977130,40.701280,"<Point><coordinates>-111.977130,40.701280</coordinates></Point>"
,132738449,0,unknown_control,0,-111.997180,40.700890,"<Point><coordinates>-111.997180,40.700890</coordinates></Point>"
,132738457,0,unknown_control,0,-111.989030,40.700700,"<Point><coordinates>-111.989030,40.700700</coordinates></Point>"
,132738458,0,unknown_control,0,-111.988060,40.700700,"<Point><coordinates>-111.988060,40.700700</coordinates></Point>"
,132738460,0,unknown_control,0,-111.986650,40.700700,"<Point><coordinates>-111.986650,40.700700</coordinates></Point>"
,132738461,0,unknown_control,0,-111.967559,40.700680,"<Point><coordinates>-111.967559,40.700680</coordinates></Point>"
,132738462,0,unknown_control,0,-111.989890,40.700650,"<Point><coordinates>-111.989890,40.700650</coordinates></Point>"
,132738465,0,unknown_control,0,-111.964939,40.700690,"<Point><coordinates>-111.964939,40.700690</coordinates></Point>"
,132738466,0,unknown_control,0,-112.001490,40.700570,"<Point><coordinates>-112.001490,40.700570</coordinates></Point>"
,132738469,0,unknown_control,0,-111.980380,40.700610,"<Point><coordinates>-111.980380,40.700610</coordinates></Point>"
,132738470,0,unknown_control,0,-111.973440,40.700590,"<Point><coordinates>-111.973440,40.700590</coordinates></Point>"
,132738475,0,unknown_control,0,-111.968781,40.700510,"<Point><coordinates>-111.968781,40.700510</coordinates></Point>"
,132738480,0,unknown_control,0,-111.989750,40.700210,"<Point><coordinates>-111.989750,40.700210</coordinates></Point>"
,132738491,0,unknown_control,0,-111.977110,40.700120,"<Point><coordinates>-111.977110,40.700120</coordinates></Point>"
,132738493,0,unknown_control,0,-111.997179,40.699930,"<Point><coordinates>-111.997179,40.699930</coordinates></Point>"
,132738502,0,unknown_control,0,-111.996200,40.699810,"<Point><coordinates>-111.996200,40.699810</coordinates></Point>"
,132738503,0,unknown_control,0,-111.961190,40.699920,"<Point><coordinates>-111.961190,40.699920</coordinates></Point>"
,132738506,0,unknown_control,0,-111.967560,40.699810,"<Point><coordinates>-111.967560,40.699810</coordinates></Point>"
,132738511,0,unknown_control,0,-111.996210,40.699550,"<Point><coordinates>-111.996210,40.699550</coordinates></Point>"
,132738512,0,unknown_control,0,-111.995179,40.699550,"<Point><coordinates>-111.995179,40.699550</coordinates></Point>"
,132738513,0,unknown_control,0,-111.993830,40.699540,"<Point><coordinates>-111.993830,40.699540</coordinates></Point>"
,132738537,0,unknown_control,0,-111.996210,40.699340,"<Point><coordinates>-111.996210,40.699340</coordinates></Point>"
,132738538,0,unknown_control,0,-111.997300,40.699340,"<Point><coordinates>-111.997300,40.699340</coordinates></Point>"
,132738560,0,unknown_control,0,-111.967550,40.698980,"<Point><coordinates>-111.967550,40.698980</coordinates></Point>"
,132738561,0,unknown_control,0,-111.964210,40.698990,"<Point><coordinates>-111.964210,40.698990</coordinates></Point>"
,132738563,0,unknown_control,0,-111.968780,40.698980,"<Point><coordinates>-111.968780,40.698980</coordinates></Point>"
,132738567,0,unknown_control,0,-111.991990,40.698630,"<Point><coordinates>-111.991990,40.698630</coordinates></Point>"
,132738568,0,unknown_control,0,-111.992480,40.698610,"<Point><coordinates>-111.992480,40.698610</coordinates></Point>"
,132738579,0,unknown_control,0,-111.990310,40.698370,"<Point><coordinates>-111.990310,40.698370</coordinates></Point>"
,132738580,0,unknown_control,0,-111.988410,40.698390,"<Point><coordinates>-111.988410,40.698390</coordinates></Point>"
,132738581,0,unknown_control,0,-111.986650,40.698700,"<Point><coordinates>-111.986650,40.698700</coordinates></Point>"
,132738588,0,unknown_control,0,-111.992480,40.698180,"<Point><coordinates>-111.992480,40.698180</coordinates></Point>"
,132738589,0,unknown_control,0,-111.991990,40.698190,"<Point><coordinates>-111.991990,40.698190</coordinates></Point>"
,132738593,0,unknown_control,0,-111.967560,40.698150,"<Point><coordinates>-111.967560,40.698150</coordinates></Point>"
,132738596,0,unknown_control,0,-111.964210,40.698170,"<Point><coordinates>-111.964210,40.698170</coordinates></Point>"
,132738597,0,unknown_control,0,-111.963129,40.698170,"<Point><coordinates>-111.963129,40.698170</coordinates></Point>"
,132738600,0,unknown_control,0,-111.959400,40.698060,"<Point><coordinates>-111.959400,40.698060</coordinates></Point>"
,132738601,0,unknown_control,0,-111.962030,40.697950,"<Point><coordinates>-111.962030,40.697950</coordinates></Point>"
,132738602,0,unknown_control,0,-111.960960,40.697940,"<Point><coordinates>-111.960960,40.697940</coordinates></Point>"
,132738603,0,unknown_control,0,-111.991959,40.697770,"<Point><coordinates>-111.991959,40.697770</coordinates></Point>"
,132738604,0,unknown_control,0,-111.992480,40.697770,"<Point><coordinates>-111.992480,40.697770</coordinates></Point>"
,132738607,0,unknown_control,0,-111.959190,40.697790,"<Point><coordinates>-111.959190,40.697790</coordinates></Point>"
,132738611,0,unknown_control,0,-111.992710,40.697340,"<Point><coordinates>-111.992710,40.697340</coordinates></Point>"
,132738612,0,unknown_control,0,-111.992100,40.697340,"<Point><coordinates>-111.992100,40.697340</coordinates></Point>"
,132738617,0,unknown_control,0,-111.964260,40.697350,"<Point><coordinates>-111.964260,40.697350</coordinates></Point>"
,132738633,0,unknown_control,0,-112.001910,40.696580,"<Point><coordinates>-112.001910,40.696580</coordinates></Point>"
,132738634,0,unknown_control,0,-112.001000,40.696580,"<Point><coordinates>-112.001000,40.696580</coordinates></Point>"
,132738635,0,unknown_control,0,-111.955013,40.696707,"<Point><coordinates>-111.955013,40.696707</coordinates></Point>"
,132738636,0,unknown_control,0,-111.999779,40.696590,"<Point><coordinates>-111.999779,40.696590</coordinates></Point>"
,132738637,0,unknown_control,0,-111.993830,40.696600,"<Point><coordinates>-111.993830,40.696600</coordinates></Point>"
,132738638,0,unknown_control,0,-111.953989,40.696711,"<Point><coordinates>-111.953989,40.696711</coordinates></Point>"
,132738641,0,unknown_control,0,-111.992110,40.696600,"<Point><coordinates>-111.992110,40.696600</coordinates></Point>"
,132738642,0,unknown_control,0,-111.992710,40.696610,"<Point><coordinates>-111.992710,40.696610</coordinates></Point>"
,132738643,0,unknown_control,0,-111.991410,40.696600,"<Point><coordinates>-111.991410,40.696600</coordinates></Point>"
,132738647,0,unknown_control,0,-111.948390,40.696730,"<Point><coordinates>-111.948390,40.696730</coordinates></Point>"
,132738648,0,unknown_control,0,-111.979310,40.696620,"<Point><coordinates>-111.979310,40.696620</coordinates></Point>"
,132738652,0,unknown_control,0,-111.971200,40.696630,"<Point><coordinates>-111.971200,40.696630</coordinates></Point>"
,132738653,0,unknown_control,0,-111.964280,40.696640,"<Point><coordinates>-111.964280,40.696640</coordinates></Point>"
,132738654,0,unknown_control,0,-111.962030,40.696650,"<Point><coordinates>-111.962030,40.696650</coordinates></Point>"
,132738655,0,unknown_control,0,-111.963161,40.696650,"<Point><coordinates>-111.963161,40.696650</coordinates></Point>"
,132738656,0,unknown_control,0,-111.959160,40.696650,"<Point><coordinates>-111.959160,40.696650</coordinates></Point>"
,132738676,0,unknown_control,0,-111.973792,40.695698,"<Point><coordinates>-111.973792,40.695698</coordinates></Point>"
,132738678,0,unknown_control,0,-111.972300,40.695660,"<Point><coordinates>-111.972300,40.695660</coordinates></Point>"
,132738680,0,unknown_control,0,-111.971211,40.695660,"<Point><coordinates>-111.971211,40.695660</coordinates></Point>"
,132738681,0,unknown_control,0,-111.970180,40.695660,"<Point><coordinates>-111.970180,40.695660</coordinates></Point>"
,132738682,0,unknown_control,0,-111.969430,40.695740,"<Point><coordinates>-111.969430,40.695740</coordinates></Point>"
,132738693,0,unknown_control,0,-111.963150,40.695190,"<Point><coordinates>-111.963150,40.695190</coordinates></Point>"
,132738694,0,unknown_control,0,-111.964440,40.695220,"<Point><coordinates>-111.964440,40.695220</coordinates></Point>"
,132738696,0,unknown_control,0,-111.973201,40.695100,"<Point><coordinates>-111.973201,40.695100</coordinates></Point>"
,132738703,0,unknown_control,0,-111.967550,40.694890,"<Point><coordinates>-111.967550,40.694890</coordinates></Point>"
,132738704,0,unknown_control,0,-111.977091,40.694850,"<Point><coordinates>-111.977091,40.694850</coordinates></Point>"
,132738710,0,unknown_control,0,-111.955991,40.694650,"<Point><coordinates>-111.955991,40.694650</coordinates></Point>"
,132738711,0,unknown_control,0,-111.957960,40.695740,"<Point><coordinates>-111.957960,40.695740</coordinates></Point>"
,132738712,0,unknown_control,0,-111.957960,40.694670,"<Point><coordinates>-111.957960,40.694670</coordinates></Point>"
,132738715,0,unknown_control,0,-111.967550,40.694430,"<Point><coordinates>-111.967550,40.694430</coordinates></Point>"
,132738716,0,unknown_control,0,-111.963160,40.694430,"<Point><coordinates>-111.963160,40.694430</coordinates></Point>"
,132738717,0,unknown_control,0,-111.963800,40.694440,"<Point><coordinates>-111.963800,40.694440</coordinates></Point>"
,132738719,0,unknown_control,0,-111.961310,40.694430,"<Point><coordinates>-111.961310,40.694430</coordinates></Point>"
,132738722,0,unknown_control,0,-111.960010,40.694430,"<Point><coordinates>-111.960010,40.694430</coordinates></Point>"
,132738726,0,unknown_control,0,-111.970179,40.694350,"<Point><coordinates>-111.970179,40.694350</coordinates></Point>"
,132738732,0,unknown_control,0,-112.005730,40.693900,"<Point><coordinates>-112.005730,40.693900</coordinates></Point>"
,132738733,0,unknown_control,0,-112.004650,40.693910,"<Point><coordinates>-112.004650,40.693910</coordinates></Point>"
,132738734,0,unknown_control,0,-112.003599,40.693910,"<Point><coordinates>-112.003599,40.693910</coordinates></Point>"
,132738750,0,unknown_control,0,-111.986610,40.693750,"<Point><coordinates>-111.986610,40.693750</coordinates></Point>"
,132738752,0,unknown_control,0,-111.985060,40.693760,"<Point><coordinates>-111.985060,40.693760</coordinates></Point>"
,132738770,0,unknown_control,0,-111.986611,40.693490,"<Point><coordinates>-111.986611,40.693490</coordinates></Point>"
,132738771,0,unknown_control,0,-111.960030,40.693670,"<Point><coordinates>-111.960030,40.693670</coordinates></Point>"
,132738773,0,unknown_control,0,-111.995110,40.693380,"<Point><coordinates>-111.995110,40.693380</coordinates></Point>"
,132738774,0,unknown_control,0,-111.994060,40.693340,"<Point><coordinates>-111.994060,40.693340</coordinates></Point>"
,132738776,0,unknown_control,0,-111.993010,40.693250,"<Point><coordinates>-111.993010,40.693250</coordinates></Point>"
,132738784,0,unknown_control,0,-111.996179,40.693110,"<Point><coordinates>-111.996179,40.693110</coordinates></Point>"
,132738785,0,unknown_control,0,-111.997190,40.693080,"<Point><coordinates>-111.997190,40.693080</coordinates></Point>"
,132738790,0,unknown_control,0,-112.005730,40.692860,"<Point><coordinates>-112.005730,40.692860</coordinates></Point>"
,132738797,0,unknown_control,0,-111.977090,40.692940,"<Point><coordinates>-111.977090,40.692940</coordinates></Point>"
,132738805,0,unknown_control,0,-111.972480,40.692940,"<Point><coordinates>-111.972480,40.692940</coordinates></Point>"
,132738806,0,unknown_control,0,-111.967550,40.692930,"<Point><coordinates>-111.967550,40.692930</coordinates></Point>"
,132738842,0,unknown_control,0,-111.985330,40.691810,"<Point><coordinates>-111.985330,40.691810</coordinates></Point>"
,132738843,0,unknown_control,0,-111.986610,40.691790,"<Point><coordinates>-111.986610,40.691790</coordinates></Point>"
,132738844,0,unknown_control,0,-112.005699,40.691690,"<Point><coordinates>-112.005699,40.691690</coordinates></Point>"
,132738849,0,unknown_control,0,-111.957979,40.691720,"<Point><coordinates>-111.957979,40.691720</coordinates></Point>"
,132738857,0,unknown_control,0,-111.977090,40.691440,"<Point><coordinates>-111.977090,40.691440</coordinates></Point>"
,132738860,0,unknown_control,0,-111.986610,40.691280,"<Point><coordinates>-111.986610,40.691280</coordinates></Point>"
,132738865,0,unknown_control,0,-111.967540,40.691300,"<Point><coordinates>-111.967540,40.691300</coordinates></Point>"
,132738873,0,unknown_control,0,-112.005690,40.690730,"<Point><coordinates>-112.005690,40.690730</coordinates></Point>"
,132738882,0,unknown_control,0,-111.977090,40.690800,"<Point><coordinates>-111.977090,40.690800</coordinates></Point>"
,132738883,0,unknown_control,0,-111.996180,40.690590,"<Point><coordinates>-111.996180,40.690590</coordinates></Point>"
,132738891,0,unknown_control,0,-111.986610,40.690390,"<Point><coordinates>-111.986610,40.690390</coordinates></Point>"
,132738911,0,unknown_control,0,-111.996160,40.689830,"<Point><coordinates>-111.996160,40.689830</coordinates></Point>"
,132738924,0,unknown_control,0,-111.967540,40.689760,"<Point><coordinates>-111.967540,40.689760</coordinates></Point>"
,132738948,0,unknown_control,0,-111.977090,40.689360,"<Point><coordinates>-111.977090,40.689360</coordinates></Point>"
,132738949,0,unknown_control,0,-111.977090,40.690020,"<Point><coordinates>-111.977090,40.690020</coordinates></Point>"
,132738957,0,unknown_control,0,-111.981290,40.689340,"<Point><coordinates>-111.981290,40.689340</coordinates></Point>"
,132738972,0,unknown_control,0,-111.967540,40.689380,"<Point><coordinates>-111.967540,40.689380</coordinates></Point>"
,132738997,0,unknown_control,0,-111.967540,40.688490,"<Point><coordinates>-111.967540,40.688490</coordinates></Point>"
,132739022,0,unknown_control,0,-112.005700,40.687950,"<Point><coordinates>-112.005700,40.687950</coordinates></Point>"
,132739026,0,unknown_control,0,-111.986610,40.688050,"<Point><coordinates>-111.986610,40.688050</coordinates></Point>"
,132739126,0,unknown_control,0,-112.005690,40.686080,"<Point><coordinates>-112.005690,40.686080</coordinates></Point>"
,132739287,0,unknown_control,0,-112.005660,40.683230,"<Point><coordinates>-112.005660,40.683230</coordinates></Point>"
,132739367,0,unknown_control,0,-111.981700,40.682090,"<Point><coordinates>-111.981700,40.682090</coordinates></Point>"
,132753926,0,unknown_control,0,-111.965900,40.694430,"<Point><coordinates>-111.965900,40.694430</coordinates></Point>"
,132753927,0,unknown_control,0,-111.965910,40.694940,"<Point><coordinates>-111.965910,40.694940</coordinates></Point>"
,132753928,0,unknown_control,0,-111.962410,40.696000,"<Point><coordinates>-111.962410,40.696000</coordinates></Point>"
,132753929,0,unknown_control,0,-111.966409,40.695310,"<Point><coordinates>-111.966409,40.695310</coordinates></Point>"
,132754297,0,unknown_control,0,-111.971229,40.693850,"<Point><coordinates>-111.971229,40.693850</coordinates></Point>"
,132754306,0,unknown_control,0,-111.971940,40.696620,"<Point><coordinates>-111.971940,40.696620</coordinates></Point>"
,132754307,0,unknown_control,0,-111.971951,40.697650,"<Point><coordinates>-111.971951,40.697650</coordinates></Point>"
,132754308,0,unknown_control,0,-111.971339,40.697670,"<Point><coordinates>-111.971339,40.697670</coordinates></Point>"
,132754309,0,unknown_control,0,-111.972080,40.698180,"<Point><coordinates>-111.972080,40.698180</coordinates></Point>"
,132754310,0,unknown_control,0,-111.971910,40.698550,"<Point><coordinates>-111.971910,40.698550</coordinates></Point>"
,132754311,0,unknown_control,0,-111.973540,40.698160,"<Point><coordinates>-111.973540,40.698160</coordinates></Point>"
,132754604,0,unknown_control,0,-111.997199,40.693580,"<Point><coordinates>-111.997199,40.693580</coordinates></Point>"
,132754606,0,unknown_control,0,-111.992310,40.694370,"<Point><coordinates>-111.992310,40.694370</coordinates></Point>"
,132754607,0,unknown_control,0,-111.992360,40.695270,"<Point><coordinates>-111.992360,40.695270</coordinates></Point>"
,132754608,0,unknown_control,0,-111.991480,40.694360,"<Point><coordinates>-111.991480,40.694360</coordinates></Point>"
,132754654,0,unknown_control,0,-111.980400,40.699360,"<Point><coordinates>-111.980400,40.699360</coordinates></Point>"
,132754682,0,unknown_control,0,-111.991830,40.697340,"<Point><coordinates>-111.991830,40.697340</coordinates></Point>"
,132754744,0,unknown_control,0,-112.023090,40.697700,"<Point><coordinates>-112.023090,40.697700</coordinates></Point>"
,132754745,0,unknown_control,0,-112.020630,40.697860,"<Point><coordinates>-112.020630,40.697860</coordinates></Point>"
,132754746,0,unknown_control,0,-112.021980,40.698480,"<Point><coordinates>-112.021980,40.698480</coordinates></Point>"
,132754747,0,unknown_control,0,-112.021960,40.699049,"<Point><coordinates>-112.021960,40.699049</coordinates></Point>"
,132754748,0,unknown_control,0,-112.014840,40.699230,"<Point><coordinates>-112.014840,40.699230</coordinates></Point>"
,132754769,0,unknown_control,0,-112.004480,40.690740,"<Point><coordinates>-112.004480,40.690740</coordinates></Point>"
,132754804,0,unknown_control,0,-112.018110,40.692920,"<Point><coordinates>-112.018110,40.692920</coordinates></Point>"
,132772443,0,unknown_control,0,-111.986610,40.689300,"<Point><coordinates>-111.986610,40.689300</coordinates></Point>"
,132772647,0,unknown_control,0,-111.961840,40.695040,"<Point><coordinates>-111.961840,40.695040</coordinates></Point>"
,132772648,0,unknown_control,0,-111.961840,40.696649,"<Point><coordinates>-111.961840,40.696649</coordinates></Point>"
,132783439,0,unknown_control,0,-111.953234,40.696714,"<Point><coordinates>-111.953234,40.696714</coordinates></Point>"
,132914139,0,unknown_control,0,-111.977090,40.690410,"<Point><coordinates>-111.977090,40.690410</coordinates></Point>"
,132923786,0,unknown_control,0,-112.036050,40.696530,"<Point><coordinates>-112.036050,40.696530</coordinates></Point>"
,132923841,0,unknown_control,0,-111.967540,40.687350,"<Point><coordinates>-111.967540,40.687350</coordinates></Point>"
,132953255,0,unknown_control,0,-111.955531,40.696702,"<Point><coordinates>-111.955531,40.696702</coordinates></Point>"
,133035530,0,unknown_control,0,-111.951391,40.696730,"<Point><coordinates>-111.951391,40.696730</coordinates></Point>"
,133035531,0,unknown_control,0,-111.965899,40.696636,"<Point><coordinates>-111.965899,40.696636</coordinates></Point>"
,133035532,0,unknown_control,0,-111.969347,40.696633,"<Point><coordinates>-111.969347,40.696633</coordinates></Point>"
,133035533,0,unknown_control,0,-111.975314,40.696631,"<Point><coordinates>-111.975314,40.696631</coordinates></Point>"
,133035534,0,unknown_control,0,-111.984655,40.696616,"<Point><coordinates>-111.984655,40.696616</coordinates></Point>"
,133035535,0,unknown_control,0,-111.990957,40.696598,"<Point><coordinates>-111.990957,40.696598</coordinates></Point>"
,133035536,0,unknown_control,0,-111.993314,40.696595,"<Point><coordinates>-111.993314,40.696595</coordinates></Point>"
,133035537,0,unknown_control,0,-111.995050,40.696603,"<Point><coordinates>-111.995050,40.696603</coordinates></Point>"
,133035538,0,unknown_control,0,-112.004713,40.696585,"<Point><coordinates>-112.004713,40.696585</coordinates></Point>"
,133035539,0,unknown_control,0,-112.008365,40.696577,"<Point><coordinates>-112.008365,40.696577</coordinates></Point>"
,133035540,0,unknown_control,0,-112.010251,40.696569,"<Point><coordinates>-112.010251,40.696569</coordinates></Point>"
,133035541,0,unknown_control,0,-112.014466,40.696550,"<Point><coordinates>-112.014466,40.696550</coordinates></Point>"
,133035542,0,unknown_control,0,-112.016643,40.696533,"<Point><coordinates>-112.016643,40.696533</coordinates></Point>"
,133035543,0,unknown_control,0,-112.020054,40.696533,"<Point><coordinates>-112.020054,40.696533</coordinates></Point>"
,133035544,0,unknown_control,0,-112.023305,40.696519,"<Point><coordinates>-112.023305,40.696519</coordinates></Point>"
,133035545,0,unknown_control,0,-111.962045,40.693593,"<Point><coordinates>-111.962045,40.693593</coordinates></Point>"
,133035546,0,unknown_control,0,-111.960041,40.692916,"<Point><coordinates>-111.960041,40.692916</coordinates></Point>"
,133035547,0,unknown_control,0,-111.958834,40.692921,"<Point><coordinates>-111.958834,40.692921</coordinates></Point>"
,133035548,0,unknown_control,0,-111.958858,40.691139,"<Point><coordinates>-111.958858,40.691139</coordinates></Point>"
,133035549,0,unknown_control,0,-111.955967,40.692968,"<Point><coordinates>-111.955967,40.692968</coordinates></Point>"
,133035550,0,unknown_control,0,-111.957961,40.694439,"<Point><coordinates>-111.957961,40.694439</coordinates></Point>"
,133035551,0,unknown_control,0,-111.958471,40.694437,"<Point><coordinates>-111.958471,40.694437</coordinates></Point>"
,133035552,0,unknown_control,0,-111.957969,40.693642,"<Point><coordinates>-111.957969,40.693642</coordinates></Point>"
,133035553,0,unknown_control,0,-111.960080,40.691976,"<Point><coordinates>-111.960080,40.691976</coordinates></Point>"
,133035554,0,unknown_control,0,-111.960034,40.693413,"<Point><coordinates>-111.960034,40.693413</coordinates></Point>"
,133035555,0,unknown_control,0,-111.957988,40.699552,"<Point><coordinates>-111.957988,40.699552</coordinates></Point>"
,133035556,0,unknown_control,0,-111.965410,40.692903,"<Point><coordinates>-111.965410,40.692903</coordinates></Point>"
,133035557,0,unknown_control,0,-111.981118,40.692976,"<Point><coordinates>-111.981118,40.692976</coordinates></Point>"
,133035558,0,unknown_control,0,-112.021242,40.694316,"<Point><coordinates>-112.021242,40.694316</coordinates></Point>"
,133035559,0,unknown_control,0,-111.979969,40.696615,"<Point><coordinates>-111.979969,40.696615</coordinates></Point>"
,133035560,0,unknown_control,0,-111.993111,40.699518,"<Point><coordinates>-111.993111,40.699518</coordinates></Point>"
,133035561,0,unknown_control,0,-112.037065,40.696522,"<Point><coordinates>-112.037065,40.696522</coordinates></Point>"
,133035562,0,unknown_control,0,-112.037145,40.700141,"<Point><coordinates>-112.037145,40.700141</coordinates></Point>"
,133035563,0,unknown_control,0,-112.035801,40.693538,"<Point><coordinates>-112.035801,40.693538</coordinates></Point>"
,133035564,0,unknown_control,0,-112.023672,40.689196,"<Point><coordinates>-112.023672,40.689196</coordinates></Point>"
,133035565,0,unknown_control,0,-112.023617,40.688704,"<Point><coordinates>-112.023617,40.688704</coordinates></Point>"
,133035566,0,unknown_control,0,-112.023598,40.687868,"<Point><coordinates>-112.023598,40.687868</coordinates></Point>"
,133035567,0,unknown_control,0,-112.015177,40.686696,"<Point><coordinates>-112.015177,40.686696</coordinates></Point>"
,133035568,0,unknown_control,0,-112.020763,40.685560,"<Point><coordinates>-112.020763,40.685560</coordinates></Point>"
,133035569,0,unknown_control,0,-112.010260,40.692628,"<Point><coordinates>-112.010260,40.692628</coordinates></Point>"
,133035570,0,unknown_control,0,-112.001123,40.692432,"<Point><coordinates>-112.001123,40.692432</coordinates></Point>"
,133035572,0,unknown_control,0,-111.999701,40.692467,"<Point><coordinates>-111.999701,40.692467</coordinates></Point>"
,133035573,0,unknown_control,0,-111.998258,40.692936,"<Point><coordinates>-111.998258,40.692936</coordinates></Point>"
,133035574,0,unknown_control,0,-111.996067,40.686679,"<Point><coordinates>-111.996067,40.686679</coordinates></Point>"
,133035575,0,unknown_control,0,-111.987898,40.693490,"<Point><coordinates>-111.987898,40.693490</coordinates></Point>"
,133035576,0,unknown_control,0,-111.988842,40.693546,"<Point><coordinates>-111.988842,40.693546</coordinates></Point>"
,133035577,0,unknown_control,0,-111.989462,40.693474,"<Point><coordinates>-111.989462,40.693474</coordinates></Point>"
,133035578,0,unknown_control,0,-111.983945,40.693674,"<Point><coordinates>-111.983945,40.693674</coordinates></Point>"
,133035579,0,unknown_control,0,-111.982509,40.693375,"<Point><coordinates>-111.982509,40.693375</coordinates></Point>"
,133035580,0,unknown_control,0,-111.982515,40.694250,"<Point><coordinates>-111.982515,40.694250</coordinates></Point>"
,133035581,0,unknown_control,0,-111.982614,40.695519,"<Point><coordinates>-111.982614,40.695519</coordinates></Point>"
,133035582,0,unknown_control,0,-111.983558,40.695574,"<Point><coordinates>-111.983558,40.695574</coordinates></Point>"
,133035583,0,unknown_control,0,-111.984398,40.695521,"<Point><coordinates>-111.984398,40.695521</coordinates></Point>"
,133035584,0,unknown_control,0,-111.984839,40.692165,"<Point><coordinates>-111.984839,40.692165</coordinates></Point>"
,133035585,0,unknown_control,0,-111.983873,40.692533,"<Point><coordinates>-111.983873,40.692533</coordinates></Point>"
,133035586,0,unknown_control,0,-111.982503,40.692568,"<Point><coordinates>-111.982503,40.692568</coordinates></Point>"
,133035587,0,unknown_control,0,-111.982507,40.693139,"<Point><coordinates>-111.982507,40.693139</coordinates></Point>"
,133035588,0,unknown_control,0,-111.982480,40.692923,"<Point><coordinates>-111.982480,40.692923</coordinates></Point>"
,133035589,0,unknown_control,0,-111.978072,40.690856,"<Point><coordinates>-111.978072,40.690856</coordinates></Point>"
,133035590,0,unknown_control,0,-111.978745,40.691069,"<Point><coordinates>-111.978745,40.691069</coordinates></Point>"
,133035591,0,unknown_control,0,-111.980478,40.691328,"<Point><coordinates>-111.980478,40.691328</coordinates></Point>"
,133035592,0,unknown_control,0,-111.980598,40.690009,"<Point><coordinates>-111.980598,40.690009</coordinates></Point>"
,133035593,0,unknown_control,0,-111.980606,40.689301,"<Point><coordinates>-111.980606,40.689301</coordinates></Point>"
,133035594,0,unknown_control,0,-111.974358,40.691972,"<Point><coordinates>-111.974358,40.691972</coordinates></Point>"
,133035595,0,unknown_control,0,-111.974637,40.691243,"<Point><coordinates>-111.974637,40.691243</coordinates></Point>"
,133035596,0,unknown_control,0,-111.974189,40.692939,"<Point><coordinates>-111.974189,40.692939</coordinates></Point>"
,133035597,0,unknown_control,0,-111.970372,40.692913,"<Point><coordinates>-111.970372,40.692913</coordinates></Point>"
,133035598,0,unknown_control,0,-111.970454,40.693611,"<Point><coordinates>-111.970454,40.693611</coordinates></Point>"
,133035599,0,unknown_control,0,-111.970391,40.690119,"<Point><coordinates>-111.970391,40.690119</coordinates></Point>"
,133035600,0,unknown_control,0,-111.969400,40.694362,"<Point><coordinates>-111.969400,40.694362</coordinates></Point>"
,133035601,0,unknown_control,0,-111.969106,40.694905,"<Point><coordinates>-111.969106,40.694905</coordinates></Point>"
,133035602,0,unknown_control,0,-111.963777,40.694080,"<Point><coordinates>-111.963777,40.694080</coordinates></Point>"
,133035603,0,unknown_control,0,-111.959996,40.691134,"<Point><coordinates>-111.959996,40.691134</coordinates></Point>"
,133035604,0,unknown_control,0,-111.959883,40.689708,"<Point><coordinates>-111.959883,40.689708</coordinates></Point>"
,133035605,0,unknown_control,0,-111.957965,40.690739,"<Point><coordinates>-111.957965,40.690739</coordinates></Point>"
,133035606,0,unknown_control,0,-111.946736,40.696703,"<Point><coordinates>-111.946736,40.696703</coordinates></Point>"
,133035607,0,unknown_control,0,-111.958014,40.704910,"<Point><coordinates>-111.958014,40.704910</coordinates></Point>"
,133035608,0,unknown_control,0,-111.955090,40.704848,"<Point><coordinates>-111.955090,40.704848</coordinates></Point>"
,133035609,0,unknown_control,0,-111.950935,40.704680,"<Point><coordinates>-111.950935,40.704680</coordinates></Point>"
,133035610,0,unknown_control,0,-111.983690,40.701480,"<Point><coordinates>-111.983690,40.701480</coordinates></Point>"
,133035611,0,unknown_control,0,-111.990882,40.700586,"<Point><coordinates>-111.990882,40.700586</coordinates></Point>"
,133035612,0,unknown_control,0,-111.991224,40.704445,"<Point><coordinates>-111.991224,40.704445</coordinates></Point>"
,133035613,0,unknown_control,0,-111.997193,40.701497,"<Point><coordinates>-111.997193,40.701497</coordinates></Point>"
,133035614,0,unknown_control,0,-112.007258,40.700554,"<Point><coordinates>-112.007258,40.700554</coordinates></Point>"
,133035615,0,unknown_control,0,-112.009238,40.700472,"<Point><coordinates>-112.009238,40.700472</coordinates></Point>"
,133035616,0,unknown_control,0,-112.010970,40.699545,"<Point><coordinates>-112.010970,40.699545</coordinates></Point>"
,133035617,0,unknown_control,0,-112.012323,40.699594,"<Point><coordinates>-112.012323,40.699594</coordinates></Point>"
,133035618,0,unknown_control,0,-112.021288,40.700217,"<Point><coordinates>-112.021288,40.700217</coordinates></Point>"
,133035619,0,unknown_control,0,-112.030117,40.701868,"<Point><coordinates>-112.030117,40.701868</coordinates></Point>"
,133035620,0,unknown_control,0,-112.029715,40.702973,"<Point><coordinates>-112.029715,40.702973</coordinates></Point>"
,133035621,0,unknown_control,0,-112.029703,40.704444,"<Point><coordinates>-112.029703,40.704444</coordinates></Point>"
,133035622,0,unknown_control,0,-112.024897,40.704594,"<Point><coordinates>-112.024897,40.704594</coordinates></Point>"
,133035623,0,unknown_control,0,-112.028941,40.693473,"<Point><coordinates>-112.028941,40.693473</coordinates></Point>"
,133035624,0,unknown_control,0,-112.029345,40.692644,"<Point><coordinates>-112.029345,40.692644</coordinates></Point>"
,133035625,0,unknown_control,0,-112.028414,40.690902,"<Point><coordinates>-112.028414,40.690902</coordinates></Point>"
,133035626,0,unknown_control,0,-112.029877,40.692715,"<Point><coordinates>-112.029877,40.692715</coordinates></Point>"
,133035627,0,unknown_control,0,-112.035767,40.692320,"<Point><coordinates>-112.035767,40.692320</coordinates></Point>"
