name,node_id,QEM_reference_node_id,control_type,control_type_name,cycle_length_in_second,signal_offset_in_second,x,y,geometry
,1,0,0,,0,0,0.017882,-0.125179,"<Point><coordinates>0.017882,-0.125179</coordinates></Point>"
,2,0,0,,0,0,40.253934,0.053648,"<Point><coordinates>40.253934,0.053648</coordinates></Point>"
,3,0,0,,0,0,19.778254,14.806867,"<Point><coordinates>19.778254,14.806867</coordinates></Point>"
,4,0,0,,0,0,19.688841,-9.692418,"<Point><coordinates>19.688841,-9.692418</coordinates></Point>"
