name,link_id,TMC,from_node_id,to_node_id,link_type_name,direction,length_in_mile,number_of_lanes,speed_limit_in_mph,saturation_flow_rate_in_vhc_per_hour_per_lane,lane_capacity_in_vhc_per_hour,link_type,jam_density_in_vhc_pmpl,wave_speed_in_mph,effective_green_time_length_in_second,green_start_time_in_second,AADT_conversion_factor,mode_code,grade,geometry,original_geometry,transit_travel_time_in_min,transit_transfer_time_in_min,transit_waiting_time_in_min,transit_fare_in_dollar,BPR_alpha_term,BPR_beta_term,KML_green_height,KML_red_height,KML_blue_height,KML_yellow_height,number_of_left_turn_lanes,length_of_bays_in_feet,number_of_right_turn_lanes,from_approach,to_approach,reversed_link_id,group_1_code,group_2_code,group_3_code,num_driveways_per_mile,volume_proportion_on_minor_leg,num_3SG_intersections,num_3ST_intersections,num_4SG_intersections,num_4ST_intersections
(null),0,,1,3,Freeway,1,0.01000,1,60.0,1800.0,1714.0,1,220.0,12.0,0,0,0.100,"",0.0,"<LineString><coordinates>0.017882,-0.125179,0.0 19.778254,14.806867,0.0</coordinates></LineString>","<LineString><coordinates>0.017882,-0.125179,0.0 19.778254,14.806867,0.0</coordinates></LineString>",0.0,0.0,0.0,0.00,100.0000,1.0000,10,100,300,1000,0,0,0,0,0,0,,,,  0.0,  0.0,  0.0,  0.0,  0.0,  0.0
(null),0,,3,2,Freeway,1,45.00000,3,60.0,1800.0,1900.0,1,220.0,12.0,0,0,0.100,"",0.0,"<LineString><coordinates>19.778254,14.806867,0.0 40.253934,0.053648,0.0</coordinates></LineString>","<LineString><coordinates>19.778254,14.806867,0.0 40.253934,0.053648,0.0</coordinates></LineString>",0.0,0.0,0.0,0.00,0.1500,1.0000,10,100,300,1000,0,0,0,0,0,0,,,,  0.0,  0.0,  0.0,  0.0,  0.0,  0.0
(null),0,,1,4,Freeway,1,45.00000,3,60.0,1800.0,1900.0,1,220.0,12.0,0,0,0.100,"",0.0,"<LineString><coordinates>0.017882,-0.125179,0.0 19.688841,-9.692418,0.0</coordinates></LineString>","<LineString><coordinates>0.017882,-0.125179,0.0 19.688841,-9.692418,0.0</coordinates></LineString>",0.0,0.0,0.0,0.00,0.1500,1.0000,10,100,300,1000,0,0,0,0,0,0,,,,  0.0,  0.0,  0.0,  0.0,  0.0,  0.0
(null),0,,4,2,Freeway,1,0.01000,1,60.0,1800.0,1714.0,1,220.0,12.0,0,0,0.100,"",0.0,"<LineString><coordinates>19.688841,-9.692418,0.0 40.253934,0.053648,0.0</coordinates></LineString>","<LineString><coordinates>19.688841,-9.692418,0.0 40.253934,0.053648,0.0</coordinates></LineString>",0.0,0.0,0.0,0.00,100.0000,1.0000,10,100,300,1000,0,0,0,0,0,0,,,,  0.0,  0.0,  0.0,  0.0,  0.0,  0.0
(null),0,,3,4,Freeway,1,0.00100,3,65.0,1800.0,1900.0,1,220.0,12.0,0,0,0.100,"",0.0,"<LineString><coordinates>19.778254,14.806867,0.0 19.688841,-9.692418,0.0</coordinates></LineString>","<LineString><coordinates>19.778254,14.806867,0.0 19.688841,-9.692418,0.0</coordinates></LineString>",0.0,0.0,0.0,0.00,0.1500,4.0000,10,100,300,1000,0,0,0,0,0,0,,,,  0.0,  0.0,  0.0,  0.0,  0.0,  0.0
