DTALite:
A Fast Open Source DTA Engine
Software Version =,1.1.0
Release Date=,Feb  7 2013
Simulation Date =,year: 2013,month:03,day:12,hour:16,min:53
----------------------test1----------------------
Traffic Flow Model =,Spatial Queue Model
Assignment method=,Method of Successive Average
 
# of Nodes=,4
# of Pretimed Signal=,0
# of Actuated Signal=,0
# of Link Types=,12
# of Links=,5
# of Zones=,2
# of Activity Locations=,2
# of Vehicle Types=,5
# of Demand Types=,4
# of Pricing Types=,0
# of VOT Records=,47
Demand Load Mode:
Reading demand file,input_demand.csv,cumulative # of agents=,4000,


# of incident records=0
# of VMS records=0
# of link-based toll records=0
# of work zone records=0
# of movement records=0

Demand multipler in setting file=,1
# of Vehicles to be simulated=,4000
Starting Time of Demand Loading (min)=,840
Ending Time of Demand Loading (min)=,900
Output Emission data=,NO
# of assignment iterations=,19
# of CPU threads=,4
Iteration #,CPU Running Time,# of agents,Avg Travel Time (min),Avg Trip Time (min),Avg Waiting Time at Origin (min),Avg Trip Time Index=(Mean TT/Free-flow TT),Avg Speed (mph),% considering to switch,% switched,% completing trips,network clearance time (in min),Avg UE gap (min),Relative UE gap (%),ODME: number of data points,ODME: Absolute link count error,ODME: % link count error,ODME: slope,ODME: r_squared,ODME: avg_simulated_to_avg_obs,
0,00:00:01,4000,2.07984,39.7719,37.692,198.852,8.89512,100,100,100,980,0,0, , , , , , ,
1,00:00:01,4000,15.7768,39.8351,24.0583,3.49778,43.7168,50.025,24.975,100,980,8.66302,16.4521, , , , , , ,
2,00:00:02,4000,22.0993,39.8843,17.785,2.64402,41.2428,33.4,8.3,100,980,4.95939,10.3498, , , , , , ,
3,00:00:02,4000,20.4384,40.2647,19.8263,2.8513,41.7671,25.125,6.15,100,981,4.25817,10.1529, , , , , , ,
4,00:00:03,4000,22.8958,39.9829,17.0871,2.55203,41.3339,19.975,3.45,100,980,4.16347,9.1604, , , , , , ,
5,00:00:03,4000,24.3153,39.7653,15.4499,2.40897,40.9933,16.725,2.625,100,979,3.56101,8.48096, , , , , , ,
6,00:00:04,4000,22.8677,39.956,17.0883,2.53941,41.561,14.3,2.875,100,980,3.4271,8.8334, , , , , , ,
7,00:00:04,4000,24.3673,40.0463,15.679,2.41943,41.0162,12.55,1.825,100,980,3.44372,8.22757, , , , , , ,
8,00:00:05,4000,25.3783,39.7904,14.4121,2.31318,40.9178,11.125,1.85,100,980,3.37485,8.23926, , , , , , ,
9,00:00:05,4000,24.3159,39.3708,15.0549,2.36105,41.4068,10.025,1.875,100,979,3.12794,8.2915, , , , , , ,
10,00:00:06,4000,25.0188,40.0819,15.0631,2.36556,40.8879,9.025,1.3,100,980,3.2253,8.42709, , , , , , ,
11,00:00:06,4000,25.5169,39.9456,14.4286,2.32069,40.7218,8.325,0.9,100,980,3.29362,8.1343, , , , , , ,
12,00:00:07,4000,24.3821,39.3699,14.9878,2.35466,41.4046,7.7,1.25,100,979,2.83934,7.62514, , , , , , ,
13,00:00:07,4000,25.0591,39.6832,14.6241,2.32971,41.0368,7.125,0.9,100,980,3.41651,8.39857, , , , , , ,
14,00:00:08,4000,25.5417,39.94,14.3983,2.31735,40.7349,6.65,0.75,100,980,3.13306,7.92042, , , , , , ,
15,00:00:08,4000,25.8099,39.7707,13.9607,2.28232,40.7541,6.275,0.775,100,979,3.19225,7.95944, , , , , , ,
16,00:00:09,4000,25.4709,40.6798,15.2088,2.38978,40.3468,5.925,1.05,100,981,2.88076,7.82898, , , , , , ,
17,00:00:09,4000,25.6412,39.8333,14.192,2.29921,40.7864,5.625,0.725,100,980,3.42706,7.88081, , , , , , ,
18,00:00:10,4000,25.5314,39.5017,13.9702,2.26834,41.1723,5.35,0.55,100,979,2.95689,7.68569, , , , , , ,
19,00:00:10,4000,25.3637,39.6794,14.3157,2.31275,40.8354,4.975,0.775,100,980,3.08714,7.96431, , , , , , ,

--Time Dependent Network MOE--,60 min interval
time_stamp_in_min,time_clock,cumulative_in_flow_count,cumulative_out_flow_count,number_vehicles_in_network,total_out_flow,total_vehicle_mile_traveled,avg_trip_time (departure_time_based),avg_trip_time_index = trip time/FFTT,avg_distance,avg_speed,avg_waiting_time_at_origin,
840,14:00,59,17,42,70800,24419.6,1.0563,4.72138,0.34491,19.5916,0.432795,
900,15:00,4000,1744,2256,8400,27245,11.395,3.52942,3.24345,17.0783,4.70429,
960,16:00,4000,3443,557,0,0,0,0,0,0,0,

--Time Dependent Network MOE--,30 min interval
time_stamp_in_min,time_clock,cumulative_in_flow_count,cumulative_out_flow_count,number_vehicles_in_network,total_out_flow,total_vehicle_mile_traveled,avg_trip_time (departure_time_based),avg_trip_time_index = trip time/FFTT,avg_distance,avg_speed,avg_waiting_time_at_origin,
840,14:00,59,17,42,35400,12209.8,1.0563,4.72138,0.34491,19.5916,0.432795,
870,14:30,2059,891,1168,39600,661427,42.9763,2.5896,16.7027,23.319,24.4407,
900,15:00,4000,1744,2256,4200,13622.5,11.395,3.52942,3.24345,17.0783,4.70428,
930,15:30,4000,2592,1408,0,0,0,0,0,0,0,
960,16:00,4000,3443,557,0,0,0,0,0,0,0,

--Time Dependent Network MOE--,15 min interval
time_stamp_in_min,time_clock,cumulative_in_flow_count,cumulative_out_flow_count,number_vehicles_in_network,total_out_flow,total_vehicle_mile_traveled,avg_trip_time (departure_time_based),avg_trip_time_index = trip time/FFTT,avg_distance,avg_speed,avg_waiting_time_at_origin,
840,14:00,59,17,42,17700,6104.91,1.0563,4.72138,0.34491,19.5916,0.432795,
855,14:15,1059,457,602,19800,6197.4,20.8026,102.461,0.313,0.902774,18.9747,
870,14:30,2059,891,1168,19800,330713,42.9763,2.5896,16.7027,23.319,24.4407,
885,14:45,3059,1319,1740,19800,725781,61.7908,1.69049,36.6556,35.5933,12.8004,
900,15:00,4000,1744,2256,2100,6811.25,11.395,3.52942,3.24345,17.0783,4.70429,
915,15:15,4000,2170,1830,0,0,0,0,0,0,0,
930,15:30,4000,2592,1408,0,0,0,0,0,0,0,
945,15:45,4000,3018,982,0,0,0,0,0,0,0,
960,16:00,4000,3443,557,0,0,0,0,0,0,0,
975,16:15,4000,3869,131,0,0,0,0,0,0,0,

--Time Dependent Network MOE--,5 min interval
time_stamp_in_min,time_clock,cumulative_in_flow_count,cumulative_out_flow_count,number_vehicles_in_network,total_out_flow,total_vehicle_mile_traveled,avg_trip_time (departure_time_based),avg_trip_time_index = trip time/FFTT,avg_distance,avg_speed,avg_waiting_time_at_origin,
840,14:00,59,17,42,5900,2034.97,1.0563,4.72138,0.34491,19.5916,0.432795,
845,14:05,393,163,230,6700,2034.97,7.09773,36.0267,0.303727,2.56752,6.3562,
850,14:10,726,311,415,6700,2065.8,13.8303,69.1523,0.308328,1.33762,12.5672,
855,14:15,1059,457,602,6600,2065.8,20.8025,102.461,0.313,0.902774,18.9747,
860,14:20,1393,605,788,6700,2034.97,26.7273,135.663,0.303727,0.681834,24.4739,
865,14:25,1726,749,977,6700,2065.8,33.826,169.131,0.308328,0.546908,31.3652,
870,14:30,2059,891,1168,6600,110238,42.9763,2.58961,16.7027,23.319,24.4407,
875,14:35,2393,1032,1361,6700,175826,46.1564,1.76568,26.2428,34.1137,15.9263,
880,14:40,2726,1174,1552,6700,177873,54.5653,2.06338,26.5482,29.1924,17.3146,
885,14:45,3059,1319,1740,6600,241927,61.7908,1.69049,36.6556,35.5933,12.8004,
890,14:50,3393,1463,1930,6700,240104,64.7994,1.81328,35.8365,33.1823,13.2273,
895,14:55,3726,1603,2123,6700,253125,71.3178,1.89281,37.7799,31.7844,11.4368,
900,15:00,4000,1744,2256,700,2270.42,11.395,3.52942,3.24345,17.0783,4.70429,
905,15:05,4000,1885,2115,0,0,0,0,0,0,0,
910,15:10,4000,2027,1973,0,0,0,0,0,0,0,
915,15:15,4000,2170,1830,0,0,0,0,0,0,0,
920,15:20,4000,2312,1688,0,0,0,0,0,0,0,
925,15:25,4000,2451,1549,0,0,0,0,0,0,0,
930,15:30,4000,2592,1408,0,0,0,0,0,0,0,
935,15:35,4000,2736,1264,0,0,0,0,0,0,0,
940,15:40,4000,2880,1120,0,0,0,0,0,0,0,
945,15:45,4000,3018,982,0,0,0,0,0,0,0,
950,15:50,4000,3161,839,0,0,0,0,0,0,0,
955,15:55,4000,3301,699,0,0,0,0,0,0,0,
960,16:00,4000,3443,557,0,0,0,0,0,0,0,
965,16:05,4000,3586,414,0,0,0,0,0,0,0,
970,16:10,4000,3732,268,0,0,0,0,0,0,0,
975,16:15,4000,3869,131,0,0,0,0,0,0,0,
980,16:20,4000,4000,0,0,0,0,0,0,0,0,
Unit of output:
travel time=,min
travel Cost=,dollar
distance=,miles
speed=,mph
energy=,1000 joule
CO2=,gram


--MOE Group 1--
 , , , , , , , , , , , , , , , , ,
,#_of_vehicles,percentage,avg_distance,avg_travel_time,avg_speed,avg_toll_cost,avg_energy_K_joule,avg_CO2_gram,avg_NOX_gram,avg_CO_gram,avg_HC_gram,avg_energy_K_joule_per_mile,avg_CO2_gram_per_mile,avg_NOX_gram_per_mile,avg_CO_gram_per_mile,avg_HC_gram_per_mile,avg_MilesPerGallon,
network,4000,100,17.2623,39.6794,26.1026,0,0,0,0,0,0,0,0,0,0,0,0,


--MOE Group 2--
 , , , , , , , , , , , , , , , , ,
,#_of_vehicles,percentage,avg_distance,avg_travel_time,avg_speed,avg_toll_cost,avg_energy_K_joule,avg_CO2_gram,avg_NOX_gram,avg_CO_gram,avg_HC_gram,avg_energy_K_joule_per_mile,avg_CO2_gram_per_mile,avg_NOX_gram_per_mile,avg_CO_gram_per_mile,avg_HC_gram_per_mile,avg_MilesPerGallon,
sov,4000,100,17.2623,39.6794,26.1026,0,0,0,0,0,0,0,0,0,0,0,0,
hov,0,0,0,0,0,0,0,0,0,0,0,0,0,0,0,0,0,
truck,0,0,0,0,0,0,0,0,0,0,0,0,0,0,0,0,0,


--MOE Group 3--
 , , , , , , , , , , , , , , , , ,
,#_of_vehicles,percentage,avg_distance,avg_travel_time,avg_speed,avg_toll_cost,avg_energy_K_joule,avg_CO2_gram,avg_NOX_gram,avg_CO_gram,avg_HC_gram,avg_energy_K_joule_per_mile,avg_CO2_gram_per_mile,avg_NOX_gram_per_mile,avg_CO_gram_per_mile,avg_HC_gram_per_mile,avg_MilesPerGallon,
passenger_car,3225,80.625,17.0724,39.65,25.8347,0,0,0,0,0,0,0,0,0,0,0,0,
passenger_truck,775,19.375,18.0516,39.8013,27.2125,0,0,0,0,0,0,0,0,0,0,0,0,
light_commercial-truck,0,0,0,0,0,0,0,0,0,0,0,0,0,0,0,0,0,
single_unit_long-haul_truck,0,0,0,0,0,0,0,0,0,0,0,0,0,0,0,0,0,
combination_long-haul_truck,0,0,0,0,0,0,0,0,0,0,0,0,0,0,0,0,0,


--MOE Group 4--
 , , , , , , , , , , , , , , , , ,
,#_of_vehicles,percentage,avg_distance,avg_travel_time,avg_speed,avg_toll_cost,avg_energy_K_joule,avg_CO2_gram,avg_NOX_gram,avg_CO_gram,avg_HC_gram,avg_energy_K_joule_per_mile,avg_CO2_gram_per_mile,avg_NOX_gram_per_mile,avg_CO_gram_per_mile,avg_HC_gram_per_mile,avg_MilesPerGallon,
OD1,4000,100,17.2623,39.6794,26.1026,0,0,0,0,0,0,0,0,0,0,0,0,
OD2,0,0,0,0,0,0,0,0,0,0,0,0,0,0,0,0,0,


--MOE Group 5--
 , , , , , , , , , , , , , , , , ,
,#_of_vehicles,percentage,avg_distance,avg_travel_time,avg_speed,avg_toll_cost,avg_energy_K_joule,avg_CO2_gram,avg_NOX_gram,avg_CO_gram,avg_HC_gram,avg_energy_K_joule_per_mile,avg_CO2_gram_per_mile,avg_NOX_gram_per_mile,avg_CO_gram_per_mile,avg_HC_gram_per_mile,avg_MilesPerGallon,
link_48_41_ NB freeway,0,0,0,0,0,0,0,0,0,0,0,0,0,0,0,0,0,
link_39_44_NB freeway,0,0,0,0,0,0,0,0,0,0,0,0,0,0,0,0,0,
link_48_41_SB freeway,0,0,0,0,0,0,0,0,0,0,0,0,0,0,0,0,0,
link_39_44_ SB freeway,0,0,0,0,0,0,0,0,0,0,0,0,0,0,0,0,0,


--MOE Group 6--
 , , , , , , , , , , , , , , , , ,
,#_of_vehicles,percentage,avg_distance,avg_travel_time,avg_speed,avg_toll_cost,avg_energy_K_joule,avg_CO2_gram,avg_NOX_gram,avg_CO_gram,avg_HC_gram,avg_energy_K_joule_per_mile,avg_CO2_gram_per_mile,avg_NOX_gram_per_mile,avg_CO_gram_per_mile,avg_HC_gram_per_mile,avg_MilesPerGallon,
"Path1_Major freeway route, which carries a lot of the damand",0,0,0,0,0,0,0,0,0,0,0,0,0,0,0,0,0,
"Path2_Major freeway route, which carries a lot of the damand",0,0,0,0,0,0,0,0,0,0,0,0,0,0,0,0,0,
Path3_Major arterial route,0,0,0,0,0,0,0,0,0,0,0,0,0,0,0,0,0,
Path4_Major arterial route,4000,100,17.2623,39.6794,26.1026,0,0,0,0,0,0,0,0,0,0,0,0,


--MOE Group 7--
Detailed Data:,output_NetworkTDMOE.csv
time_stamp_in_min,cumulative_in_flow_count,cumulative_out_flow_count,number_vehicles_in_network,flow_in_a_min,avg_trip_time_in_min
840,59,17,42,1180,1.0563,
841,126,47,79,1340,2.16711,
842,193,75,118,1340,3.33622,
843,259,103,156,1320,4.68836,
844,326,133,193,1340,5.89369,
845,393,163,230,1340,7.09773,
846,459,193,266,1320,8.64838,
847,526,223,303,1340,9.83773,
848,593,253,340,1340,10.9992,
849,659,282,377,1320,12.6896,
850,726,311,415,1340,13.8303,
851,793,341,452,1340,14.9373,
852,859,368,491,1320,16.7663,
853,926,398,528,1340,17.8597,
854,993,427,566,1340,18.8947,
855,1059,457,602,1320,20.8025,
856,1126,487,639,1340,21.8479,
857,1193,517,676,1340,22.8075,
858,1259,547,712,1320,24.8322,
859,1326,576,750,1340,25.7956,
860,1393,605,788,1340,26.7273,
861,1459,633,826,1320,28.9059,
862,1526,662,864,1340,29.8159,
863,1593,692,901,1340,30.6818,
864,1659,721,938,1320,32.9768,
865,1726,749,977,1340,33.826,
866,1793,778,1015,1340,34.6235,
867,1859,807,1052,1320,37.0368,
868,1926,835,1091,1340,37.8219,
869,1993,863,1130,1340,38.5646,
870,2059,891,1168,1320,42.9763,
871,2126,917,1209,1340,43.6802,
872,2193,946,1247,1340,43.1979,
873,2259,975,1284,1320,45.7847,
874,2326,1004,1322,1340,45.9421,
875,2393,1032,1361,1340,46.1564,
876,2459,1061,1398,1320,48.8302,
877,2526,1089,1437,1340,48.813,
878,2593,1118,1475,1340,49.1791,
879,2659,1147,1512,1320,52.5546,
880,2726,1174,1552,1340,54.5653,
881,2793,1204,1589,1340,57.6068,
882,2859,1233,1626,1320,61.4328,
883,2926,1260,1666,1340,63.3219,
884,2993,1290,1703,1340,64.7978,
885,3059,1319,1740,1320,61.7908,
886,3126,1348,1778,1340,61.2335,
887,3193,1375,1818,1340,61.8554,
888,3259,1404,1855,1320,64.4918,
889,3326,1433,1893,1340,63.957,
890,3393,1463,1930,1340,64.7994,
891,3459,1490,1969,1320,67.4517,
892,3526,1518,2008,1340,68.3434,
893,3593,1545,2048,1340,67.1621,
894,3659,1575,2084,1320,71.2065,
895,3726,1603,2123,1340,71.3178,
896,3793,1631,2162,1340,72.1875,
897,3859,1660,2199,1320,75.9719,
898,3926,1686,2240,1340,76.4019,
899,3993,1715,2278,1340,77.3559,
900,4000,1744,2256,140,11.395,
901,4000,1772,2228,0,0,
902,4000,1800,2200,0,0,
903,4000,1829,2171,0,0,
904,4000,1856,2144,0,0,
905,4000,1885,2115,0,0,
906,4000,1912,2088,0,0,
907,4000,1939,2061,0,0,
908,4000,1968,2032,0,0,
909,4000,1998,2002,0,0,
910,4000,2027,1973,0,0,
911,4000,2056,1944,0,0,
912,4000,2085,1915,0,0,
913,4000,2115,1885,0,0,
914,4000,2142,1858,0,0,
915,4000,2170,1830,0,0,
916,4000,2200,1800,0,0,
917,4000,2227,1773,0,0,
918,4000,2255,1745,0,0,
919,4000,2284,1716,0,0,
920,4000,2312,1688,0,0,
921,4000,2339,1661,0,0,
922,4000,2366,1634,0,0,
923,4000,2394,1606,0,0,
924,4000,2421,1579,0,0,
925,4000,2451,1549,0,0,
926,4000,2480,1520,0,0,
927,4000,2506,1494,0,0,
928,4000,2536,1464,0,0,
929,4000,2565,1435,0,0,
930,4000,2592,1408,0,0,
931,4000,2622,1378,0,0,
932,4000,2650,1350,0,0,
933,4000,2679,1321,0,0,
934,4000,2707,1293,0,0,
935,4000,2736,1264,0,0,
936,4000,2763,1237,0,0,
937,4000,2792,1208,0,0,
938,4000,2822,1178,0,0,
939,4000,2851,1149,0,0,
940,4000,2880,1120,0,0,
941,4000,2908,1092,0,0,
942,4000,2937,1063,0,0,
943,4000,2963,1037,0,0,
944,4000,2991,1009,0,0,
945,4000,3018,982,0,0,
946,4000,3046,954,0,0,
947,4000,3076,924,0,0,
948,4000,3105,895,0,0,
949,4000,3132,868,0,0,
950,4000,3161,839,0,0,
951,4000,3189,811,0,0,
952,4000,3217,783,0,0,
953,4000,3246,754,0,0,
954,4000,3273,727,0,0,
955,4000,3301,699,0,0,
956,4000,3329,671,0,0,
957,4000,3358,642,0,0,
958,4000,3385,615,0,0,
959,4000,3415,585,0,0,
960,4000,3443,557,0,0,
961,4000,3472,528,0,0,
962,4000,3500,500,0,0,
963,4000,3528,472,0,0,
964,4000,3557,443,0,0,
965,4000,3586,414,0,0,
966,4000,3616,384,0,0,
967,4000,3644,356,0,0,
968,4000,3673,327,0,0,
969,4000,3703,297,0,0,
970,4000,3732,268,0,0,
971,4000,3759,241,0,0,
972,4000,3787,213,0,0,
973,4000,3812,188,0,0,
974,4000,3842,158,0,0,
975,4000,3869,131,0,0,
976,4000,3898,102,0,0,
977,4000,3925,75,0,0,
978,4000,3954,46,0,0,
979,4000,3984,16,0,0,
980,4000,4000,0,0,0,


--MOE Group 8--
Detailed Data:,output_LinkMOE.csv
from_node_id,to_node_id,type_code,start_time_in_min,end_time_in_min,total_link_volume,lane_capacity_in_vhc_per_hour,volume_over_capacity_ratio,avg_waiting_time_on_loading_buffer_(min),speed_limit_in_mph,speed_in_mph,percentage_of_speed_limit,level_of_service,sensor_data_flag,sensor_link_volume,simulated_link_volume,measurement_error,abs_measurement_error_percentage,simulated_AADT,num_of_crashes_per_year,num_of_fatal_and_injury_crashes_per_year,num_of_PDO_crashes_per_year,num_of_intersection_crashes_per_year,num_of_intersection_fatal_and_injury_crashes_per_year,num_of_intersection_PDO_crashes_per_year,TotalEnergy_(J/hr),CO2_(g/hr),NOX_(g/hr),CO_(g/hr),HC_(g/hr),sov_volume,hov_volume,truck_volume,intermodal_volume,geometry,from_node_id,to_node_id,vol_d0,vol_d1,vol_d2,vol_d3,vol_d4,vol_d5,vol_d6,vol_d7,vol_d8,vol_d9,vol_d10,vol_d11,vol_d12,vol_d13,vol_d14,vol_d15,vol_d16,vol_d17,vol_d18,vol_d19,spd_d0,spd_d1,spd_d2,spd_d3,spd_d4,spd_d5,spd_d6,spd_d7,spd_d8,spd_d9,spd_d10,spd_d11,spd_d12,spd_d13,spd_d14,spd_d15,spd_d16,spd_d17,spd_d18,spd_d19,
1,3,f,840,900,2486,1714.0000,1.4504,545.3609,60.0000,0.2539,0,F,0,0.0000,2486,0.0000,0.0000,24860.0000,0.5154,0.0000,0.0000,0.0000,0.0000,0.0000,0.0000,0.0000,0.0000,0.0000,0.0000,2486,0,0,0,"<LineString><coordinates>0.017882,-0.125179,0.0 19.778254,14.806867,0.0</coordinates></LineString>",1,3,4000,3001,2671,2757,2619,2544,2613,2540,2482,2529,2505,2481,2525,2497,2479,2462,2498,2471,2463,2486,0.1575,0.1839,0.2203,0.2044,0.2247,0.2410,0.2242,0.2372,0.2517,0.2458,0.2433,0.2514,0.2465,0.2497,0.2517,0.2577,0.2404,0.2545,0.2576,0.2539,
1,4,f,840,900,1514,1900.0000,0.2656,0.8989,60.0000,43.7162,73,B,0,0.0000,1514,0.0000,0.0000,15140.0000,146.8642,0.0000,0.0000,0.0000,0.0000,0.0000,0.0000,0.0000,0.0000,0.0000,0.0000,1514,0,0,0,"<LineString><coordinates>0.017882,-0.125179,0.0 19.688841,-9.692418,0.0</coordinates></LineString>",1,4,0,999,1329,1243,1381,1456,1387,1460,1518,1471,1495,1519,1475,1503,1521,1538,1502,1529,1537,1514,60.0000,49.8582,45.6623,46.9128,45.4788,44.5484,45.7019,44.7140,44.0664,44.8080,44.2721,43.8876,44.5307,44.2470,43.8990,43.7718,43.9715,43.9172,44.0358,43.7162,
4,2,f,840,900,4000,1714.0000,2.3337,0.0000,60.0000,60.0000,100,A,0,0.0000,4000,0.0000,0.0000,40000.0000,0.7987,0.0000,0.0000,0.0000,0.0000,0.0000,0.0000,0.0000,0.0000,0.0000,0.0000,4000,0,0,0,"<LineString><coordinates>19.688841,-9.692418,0.0 40.253934,0.053648,0.0</coordinates></LineString>",4,2,4000,4000,4000,4000,4000,4000,4000,4000,4000,4000,4000,4000,4000,4000,4000,4000,4000,4000,4000,4000,60.0000,60.0000,60.0000,60.0000,60.0000,60.0000,60.0000,60.0000,60.0000,60.0000,60.0000,60.0000,60.0000,60.0000,60.0000,60.0000,60.0000,60.0000,60.0000,60.0000,
3,4,f,840,900,2486,1900.0000,0.4361,0.0000,65.0000,2.6671,4,F,0,0.0000,2486,0.0000,0.0000,24860.0000,0.5583,0.0000,0.0000,0.0000,0.0000,0.0000,0.0000,0.0000,0.0000,0.0000,0.0000,2486,0,0,0,"<LineString><coordinates>19.778254,14.806867,0.0 19.688841,-9.692418,0.0</coordinates></LineString>",3,4,4000,3001,2671,2757,2619,2544,2613,2540,2482,2529,2505,2481,2525,2497,2479,2462,2498,2471,2463,2486,4.1459,2.8156,2.2208,2.1869,2.2329,2.3348,2.2446,2.2398,2.4472,2.4495,2.3313,2.4009,2.6526,2.4531,2.3978,2.4676,2.0959,2.4083,2.6681,2.6671,


--MOE Group 9--
Detailed Data:,output_ODMOE.csv
origin_zone_no,destination_zone_no,number_of_vehicles,number_of_vehicles_completing_trips,trip_time_in_min,distance_in_mile
1,2,4000,4000,39.6794,17.2623
